id,firmbr,city,quarter,share,price
100401880,1004,1,1,0.0124,0.072
100601880,1006,1,1,0.0078,0.114
100701880,1007,1,1,0.013,0.132
100901880,1009,1,1,0.0058,0.13
101101880,1011,1,1,0.0179,0.155
101301880,1013,1,1,0.0266,0.137
101701880,1017,1,1,0.025,0.144
103001880,1030,1,1,0.0051,0.128
104501880,1045,1,1,0.0053,0.15
200501880,2005,1,1,0.0381,0.109
200801880,2008,1,1,0.0083,0.132
201501880,2015,1,1,0.0066,0.112
201601880,2016,1,1,0.0301,0.115
201901880,2019,1,1,0.1,0.111
202601880,2026,1,1,0.0132,0.128
202801880,2028,1,1,0.0236,0.175
204001880,2040,1,1,0.0087,0.134
204801880,2048,1,1,0.0027,0.147
300601880,3006,1,1,0.0189,0.11
301401880,3014,1,1,0.0108,0.137
400201880,4002,1,1,0.0078,0.175
401001880,4010,1,1,7e-4,0.136
401201880,4012,1,1,0.0095,0.135
601801880,6018,1,1,0.0466,0.143
100403880,1004,3,1,0.0026,0.081
100603880,1006,3,1,0.077,0.106
100703880,1007,3,1,0.0264,0.12
100903880,1009,3,1,0.0016,0.102
101103880,1011,3,1,0.004,0.202
101303880,1013,3,1,0.0124,0.146
101703880,1017,3,1,0.0046,0.137
103003880,1030,3,1,0.0062,0.124
104503880,1045,3,1,0.029,0.101
200503880,2005,3,1,0.0243,0.106
200803880,2008,3,1,0.0322,0.124
201503880,2015,3,1,0.0036,0.109
201603880,2016,3,1,0.0428,0.126
201903880,2019,3,1,0.005,0.119
202603880,2026,3,1,0.0227,0.111
202803880,2028,3,1,0.054,0.14
204003880,2040,3,1,0.0011,0.127
204803880,2048,3,1,0.0022,0.142
300603880,3006,3,1,0.0032,0.146
301403880,3014,3,1,0.016,0.18
400203880,4002,3,1,0.0082,0.141
401003880,4010,3,1,0.0064,0.102
401203880,4012,3,1,0.0271,0.082
601803880,6018,3,1,0.0021,0.147
100404880,1004,4,1,0.0016,0.08
100604880,1006,4,1,0.0137,0.136
100704880,1007,4,1,0.0081,0.117
100904880,1009,4,1,0.0232,0.098
101104880,1011,4,1,0.1053,0.143
101304880,1013,4,1,0.1041,0.104
101704880,1017,4,1,0.0278,0.123
103004880,1030,4,1,0.0049,0.118
104504880,1045,4,1,0.0221,0.101
200504880,2005,4,1,0.0086,0.123
200804880,2008,4,1,0.019,0.114
201504880,2015,4,1,0.0041,0.103
201604880,2016,4,1,0.023,0.135
201904880,2019,4,1,0.0072,0.135
202604880,2026,4,1,0.0463,0.121
202804880,2028,4,1,0.0054,0.171
204004880,2040,4,1,0.0103,0.117
204804880,2048,4,1,0.0106,0.129
300604880,3006,4,1,0.0131,0.14
301404880,3014,4,1,0.1467,0.096
400204880,4002,4,1,0.0142,0.147
401004880,4010,4,1,0.0177,0.091
401204880,4012,4,1,0.0247,0.102
601804880,6018,4,1,0.0068,0.154
100405880,1004,5,1,0.0016,0.104
100605880,1006,5,1,0.0349,0.104
100705880,1007,5,1,0.0016,0.14
100905880,1009,5,1,0.0216,0.068
101105880,1011,5,1,0.0309,0.18
101305880,1013,5,1,0.0113,0.149
101705880,1017,5,1,0.0419,0.11
103005880,1030,5,1,0.0057,0.115
104505880,1045,5,1,0.0107,0.139
200505880,2005,5,1,0.0226,0.13
200805880,2008,5,1,0.0686,0.098
201505880,2015,5,1,0.001,0.105
201605880,2016,5,1,0.0132,0.138
201905880,2019,5,1,0.0156,0.128
202605880,2026,5,1,0.0132,0.11
202805880,2028,5,1,0.0094,0.19
204005880,2040,5,1,0.0079,0.146
204805880,2048,5,1,0.0098,0.097
300605880,3006,5,1,0.0154,0.134
301405880,3014,5,1,0.0282,0.136
400205880,4002,5,1,0.0134,0.135
401005880,4010,5,1,0.0031,0.112
401205880,4012,5,1,0.0385,0.085
601805880,6018,5,1,0.0044,0.14
100407880,1004,7,1,0.0304,0.074
100607880,1006,7,1,0.0368,0.116
100707880,1007,7,1,0.008,0.124
100907880,1009,7,1,0.0099,0.115
101107880,1011,7,1,0.0198,0.162
101307880,1013,7,1,0.0045,0.113
101707880,1017,7,1,0.0831,0.103
103007880,1030,7,1,0.0143,0.101
104507880,1045,7,1,0.0117,0.13
200507880,2005,7,1,0.0821,0.099
200807880,2008,7,1,0.0928,0.075
201507880,2015,7,1,9e-4,0.129
201607880,2016,7,1,0.0181,0.121
201907880,2019,7,1,0.0057,0.149
202607880,2026,7,1,0.0041,0.15
202807880,2028,7,1,0.0047,0.192
204007880,2040,7,1,0.0062,0.171
204807880,2048,7,1,0.0062,0.137
300607880,3006,7,1,0.0125,0.083
301407880,3014,7,1,0.0281,0.145
400207880,4002,7,1,0.0077,0.142
401007880,4010,7,1,0.0051,0.093
401207880,4012,7,1,0.0418,0.074
601807880,6018,7,1,0.0601,0.129
100408880,1004,8,1,0.0027,0.105
100608880,1006,8,1,0.0595,0.111
100708880,1007,8,1,0.0058,0.107
100908880,1009,8,1,0.0088,0.091
101108880,1011,8,1,0.0764,0.135
101308880,1013,8,1,0.0064,0.125
101708880,1017,8,1,0.0019,0.144
103008880,1030,8,1,0.0054,0.149
104508880,1045,8,1,0.0101,0.123
200508880,2005,8,1,0.008,0.126
200808880,2008,8,1,0.018,0.139
201508880,2015,8,1,0.0052,0.087
201608880,2016,8,1,0.0041,0.148
201908880,2019,8,1,0.0568,0.111
202608880,2026,8,1,0.0115,0.152
202808880,2028,8,1,0.0235,0.226
204008880,2040,8,1,0.004,0.169
204808880,2048,8,1,0.0013,0.148
300608880,3006,8,1,0.0031,0.147
301408880,3014,8,1,0.009,0.168
400208880,4002,8,1,0.008,0.165
401008880,4010,8,1,0.0067,0.074
401208880,4012,8,1,0.0349,0.087
601808880,6018,8,1,0.0497,0.126
100411880,1004,11,1,0.0026,0.11
100611880,1006,11,1,0.0197,0.109
100711880,1007,11,1,0.012,0.127
100911880,1009,11,1,0.0152,0.12
101111880,1011,11,1,0.0213,0.17
101311880,1013,11,1,0.0088,0.12
101711880,1017,11,1,0.0061,0.156
103011880,1030,11,1,0.0108,0.115
104511880,1045,11,1,0.0078,0.153
200511880,2005,11,1,0.0434,0.091
200811880,2008,11,1,0.0204,0.115
201511880,2015,11,1,0.0072,0.08
201611880,2016,11,1,0.0203,0.139
201911880,2019,11,1,0.0954,0.105
202611880,2026,11,1,0.0048,0.163
202811880,2028,11,1,0.0065,0.186
204011880,2040,11,1,0.0103,0.125
204811880,2048,11,1,0.0021,0.142
300611880,3006,11,1,0.0241,0.11
301411880,3014,11,1,0.0659,0.097
400211880,4002,11,1,0.0151,0.171
401011880,4010,11,1,0.0399,0.069
401211880,4012,11,1,0.0125,0.112
601811880,6018,11,1,0.0037,0.136
100412880,1004,12,1,0.0022,0.099
100612880,1006,12,1,0.1023,0.111
100712880,1007,12,1,0.0257,0.105
100912880,1009,12,1,0.0047,0.084
101112880,1011,12,1,0.0436,0.157
101312880,1013,12,1,0.0272,0.086
101712880,1017,12,1,0.0014,0.147
103012880,1030,12,1,0.001,0.147
104512880,1045,12,1,0.0099,0.128
200512880,2005,12,1,0.0059,0.138
200812880,2008,12,1,0.032,0.098
201512880,2015,12,1,0.001,0.115
201612880,2016,12,1,0.0036,0.151
201912880,2019,12,1,0.0163,0.126
202612880,2026,12,1,0.0263,0.131
202812880,2028,12,1,0.0485,0.204
204012880,2040,12,1,0.0015,0.132
204812880,2048,12,1,0.0028,0.113
300612880,3006,12,1,0.0319,0.117
301412880,3014,12,1,0.0104,0.153
400212880,4002,12,1,0.0162,0.104
401012880,4010,12,1,0.0086,0.101
401212880,4012,12,1,0.0272,0.126
601812880,6018,12,1,0.0119,0.146
100413880,1004,13,1,0.0133,0.109
100613880,1006,13,1,0.062,0.106
100713880,1007,13,1,0.0684,0.111
100913880,1009,13,1,0.0039,0.13
101113880,1011,13,1,0.0232,0.158
101313880,1013,13,1,0.0154,0.128
101713880,1017,13,1,0.0271,0.128
103013880,1030,13,1,0.0053,0.103
104513880,1045,13,1,0.0179,0.127
200513880,2005,13,1,0.0116,0.123
200813880,2008,13,1,0.0528,0.101
201513880,2015,13,1,0.0011,0.109
201613880,2016,13,1,0.0166,0.135
201913880,2019,13,1,0.0021,0.141
202613880,2026,13,1,0.0088,0.144
202813880,2028,13,1,0.0318,0.177
204013880,2040,13,1,0.0063,0.118
204813880,2048,13,1,0.0158,0.124
300613880,3006,13,1,0.0053,0.145
301413880,3014,13,1,0.0044,0.137
400213880,4002,13,1,0.0016,0.2
401013880,4010,13,1,0.0218,0.095
401213880,4012,13,1,0.0097,0.123
601813880,6018,13,1,0.025,0.128
100414880,1004,14,1,0.0129,0.078
100614880,1006,14,1,0.0035,0.129
100714880,1007,14,1,0.0035,0.135
100914880,1009,14,1,0.0152,0.073
101114880,1011,14,1,0.0616,0.121
101314880,1013,14,1,0.0169,0.118
101714880,1017,14,1,0.0213,0.136
103014880,1030,14,1,0.0053,0.127
104514880,1045,14,1,0.016,0.14
200514880,2005,14,1,0.0248,0.092
200814880,2008,14,1,0.0231,0.109
201514880,2015,14,1,0.0015,0.101
201614880,2016,14,1,0.0184,0.137
201914880,2019,14,1,0.0092,0.131
202614880,2026,14,1,0.0272,0.125
202814880,2028,14,1,0.036,0.174
204014880,2040,14,1,0.0026,0.15
204814880,2048,14,1,0.0231,0.099
300614880,3006,14,1,0.0941,0.12
301414880,3014,14,1,0.0746,0.114
400214880,4002,14,1,0.0127,0.153
401014880,4010,14,1,0.0137,0.103
401214880,4012,14,1,0.0099,0.121
601814880,6018,14,1,0.0035,0.146
100415880,1004,15,1,0.0062,0.096
100615880,1006,15,1,0.0751,0.059
100715880,1007,15,1,0.015,0.1
100915880,1009,15,1,0.0126,0.115
101115880,1011,15,1,0.1037,0.163
101315880,1013,15,1,0.0126,0.101
101715880,1017,15,1,0.004,0.149
103015880,1030,15,1,0.004,0.102
104515880,1045,15,1,0.0176,0.103
200515880,2005,15,1,0.0039,0.102
200815880,2008,15,1,0.0268,0.11
201515880,2015,15,1,0.001,0.135
201615880,2016,15,1,0.0499,0.102
201915880,2019,15,1,0.0294,0.112
202615880,2026,15,1,0.003,0.162
202815880,2028,15,1,0.0223,0.147
204015880,2040,15,1,7e-4,0.14
204815880,2048,15,1,9e-4,0.124
300615880,3006,15,1,0.0138,0.081
301415880,3014,15,1,0.0136,0.143
400215880,4002,15,1,0.0062,0.146
401015880,4010,15,1,0.0013,0.103
401215880,4012,15,1,0.0165,0.112
601815880,6018,15,1,0.006,0.131
100416880,1004,16,1,0.0113,0.086
100616880,1006,16,1,0.0236,0.121
100716880,1007,16,1,0.0162,0.12
100916880,1009,16,1,0.0537,0.069
101116880,1011,16,1,0.0176,0.184
101316880,1013,16,1,0.0041,0.124
101716880,1017,16,1,0.0546,0.071
103016880,1030,16,1,0.0114,0.115
104516880,1045,16,1,0.0053,0.107
200516880,2005,16,1,0.0367,0.099
200816880,2008,16,1,0.0082,0.116
201516880,2015,16,1,0.0023,0.101
201616880,2016,16,1,0.0255,0.112
201916880,2019,16,1,0.0146,0.108
202616880,2026,16,1,0.0225,0.121
202816880,2028,16,1,0.0809,0.126
204016880,2040,16,1,0.0211,0.108
204816880,2048,16,1,0.0132,0.096
300616880,3006,16,1,0.0061,0.107
301416880,3014,16,1,0.0398,0.122
400216880,4002,16,1,0.0076,0.172
401016880,4010,16,1,0.0192,0.08
401216880,4012,16,1,0.0257,0.098
601816880,6018,16,1,0.0605,0.129
100418880,1004,18,1,0.0076,0.081
100618880,1006,18,1,0.0257,0.115
100718880,1007,18,1,0.0406,0.089
100918880,1009,18,1,0.0057,0.109
101118880,1011,18,1,0.213,0.153
101318880,1013,18,1,0.0103,0.121
101718880,1017,18,1,0.0034,0.131
103018880,1030,18,1,0.0205,0.127
104518880,1045,18,1,0.0049,0.143
200518880,2005,18,1,0.0091,0.121
200818880,2008,18,1,0.0197,0.119
201518880,2015,18,1,0.0101,0.104
201618880,2016,18,1,0.0166,0.117
201918880,2019,18,1,0.0127,0.118
202618880,2026,18,1,0.0074,0.141
202818880,2028,18,1,0.009,0.161
204018880,2040,18,1,0.0305,0.091
204818880,2048,18,1,0.03,0.076
300618880,3006,18,1,0.0197,0.114
301418880,3014,18,1,0.0051,0.16
400218880,4002,18,1,0.0053,0.153
401018880,4010,18,1,0.0139,0.084
401218880,4012,18,1,0.009,0.114
601818880,6018,18,1,0.0359,0.154
100420880,1004,20,1,0.002,0.104
100620880,1006,20,1,0.0907,0.127
100720880,1007,20,1,0.0821,0.088
100920880,1009,20,1,0.0029,0.09
101120880,1011,20,1,0.0148,0.144
101320880,1013,20,1,0.0094,0.119
101720880,1017,20,1,0.0059,0.13
103020880,1030,20,1,0.0162,0.088
104520880,1045,20,1,0.0251,0.104
200520880,2005,20,1,0.0067,0.13
200820880,2008,20,1,0.0143,0.097
201520880,2015,20,1,0.0012,0.117
201620880,2016,20,1,0.0129,0.129
201920880,2019,20,1,0.0074,0.145
202620880,2026,20,1,0.0516,0.11
202820880,2028,20,1,0.0086,0.216
204020880,2040,20,1,0.0012,0.122
204820880,2048,20,1,0.0064,0.13
300620880,3006,20,1,0.0122,0.143
301420880,3014,20,1,0.0367,0.133
400220880,4002,20,1,0.0896,0.112
401020880,4010,20,1,0.0069,0.103
401220880,4012,20,1,0.0042,0.122
601820880,6018,20,1,0.0063,0.15
100423880,1004,23,1,0.0011,0.094
100623880,1006,23,1,0.0357,0.119
100723880,1007,23,1,0.0456,0.093
100923880,1009,23,1,0.0063,0.108
101123880,1011,23,1,0.0486,0.136
101323880,1013,23,1,0.0089,0.112
101723880,1017,23,1,0.0415,0.098
103023880,1030,23,1,0.0144,0.108
104523880,1045,23,1,0.0043,0.14
200523880,2005,23,1,0.0138,0.124
200823880,2008,23,1,0.0186,0.111
201523880,2015,23,1,0.0037,0.106
201623880,2016,23,1,0.0335,0.102
201923880,2019,23,1,0.0856,0.093
202623880,2026,23,1,0.0157,0.14
202823880,2028,23,1,0.0423,0.188
204023880,2040,23,1,0.0032,0.128
204823880,2048,23,1,0.0035,0.113
300623880,3006,23,1,0.0372,0.108
301423880,3014,23,1,0.0604,0.107
400223880,4002,23,1,0.0082,0.145
401023880,4010,23,1,0.0064,0.101
401223880,4012,23,1,0.0045,0.088
601823880,6018,23,1,0.0316,0.143
100424880,1004,24,1,0.0033,0.062
100624880,1006,24,1,0.0077,0.133
100724880,1007,24,1,0.0174,0.124
100924880,1009,24,1,0.0089,0.065
101124880,1011,24,1,0.0126,0.183
101324880,1013,24,1,0.0108,0.117
101724880,1017,24,1,0.0174,0.134
103024880,1030,24,1,0.0049,0.111
104524880,1045,24,1,0.0073,0.094
200524880,2005,24,1,0.004,0.116
200824880,2008,24,1,0.0512,0.114
201524880,2015,24,1,0.0066,0.112
201624880,2016,24,1,0.0514,0.121
201924880,2019,24,1,0.0029,0.133
202624880,2026,24,1,0.0054,0.153
202824880,2028,24,1,0.0057,0.209
204024880,2040,24,1,0.0087,0.103
204824880,2048,24,1,0.0018,0.119
300624880,3006,24,1,0.0271,0.063
301424880,3014,24,1,0.0076,0.144
400224880,4002,24,1,0.0514,0.127
401024880,4010,24,1,0.015,0.117
401224880,4012,24,1,0.015,0.098
601824880,6018,24,1,0.0017,0.166
100425880,1004,25,1,0.0021,0.093
100625880,1006,25,1,0.0104,0.14
100725880,1007,25,1,0.0298,0.102
100925880,1009,25,1,0.0139,0.088
101125880,1011,25,1,0.0042,0.213
101325880,1013,25,1,0.0087,0.127
101725880,1017,25,1,0.0102,0.128
103025880,1030,25,1,0.0017,0.153
104525880,1045,25,1,0.006,0.154
200525880,2005,25,1,0.0011,0.134
200825880,2008,25,1,0.0194,0.11
201525880,2015,25,1,0.0017,0.104
201625880,2016,25,1,0.0046,0.123
201925880,2019,25,1,0.0069,0.115
202625880,2026,25,1,0.0073,0.152
202825880,2028,25,1,0.0068,0.189
204025880,2040,25,1,0.0054,0.112
204825880,2048,25,1,0.0021,0.134
300625880,3006,25,1,0.0571,0.117
301425880,3014,25,1,0.0278,0.118
400225880,4002,25,1,0.0133,0.136
401025880,4010,25,1,0.0169,0.088
401225880,4012,25,1,0.0125,0.128
601825880,6018,25,1,0.0035,0.15
100426880,1004,26,1,0.0057,0.101
100626880,1006,26,1,0.0118,0.138
100726880,1007,26,1,0.0241,0.116
100926880,1009,26,1,0.012,0.115
101126880,1011,26,1,0.0509,0.182
101326880,1013,26,1,0.0182,0.102
101726880,1017,26,1,0.0645,0.107
103026880,1030,26,1,0.0097,0.129
104526880,1045,26,1,0.0021,0.133
200526880,2005,26,1,0.0127,0.152
200826880,2008,26,1,0.0368,0.137
201526880,2015,26,1,0.0051,0.103
201626880,2016,26,1,0.0356,0.14
201926880,2019,26,1,0.0529,0.124
202626880,2026,26,1,0.0114,0.126
202826880,2028,26,1,0.0042,0.172
204026880,2040,26,1,0.0099,0.163
204826880,2048,26,1,0.0041,0.15
300626880,3006,26,1,0.0204,0.117
301426880,3014,26,1,0.0065,0.177
400226880,4002,26,1,0.0021,0.183
401026880,4010,26,1,0.014,0.094
401226880,4012,26,1,0.0097,0.093
601826880,6018,26,1,0.0055,0.149
100427880,1004,27,1,0.0024,0.119
100627880,1006,27,1,0.0561,0.107
100727880,1007,27,1,0.054,0.089
100927880,1009,27,1,0.0058,0.088
101127880,1011,27,1,0.2153,0.139
101327880,1013,27,1,0.0223,0.105
101727880,1017,27,1,0.0767,0.121
103027880,1030,27,1,0.0018,0.13
104527880,1045,27,1,0.0062,0.107
200527880,2005,27,1,0.0226,0.095
200827880,2008,27,1,0.0395,0.083
201527880,2015,27,1,0.0037,0.081
201627880,2016,27,1,0.008,0.141
201927880,2019,27,1,0.0012,0.134
202627880,2026,27,1,0.0052,0.137
202827880,2028,27,1,0.0218,0.178
204027880,2040,27,1,0.0023,0.144
204827880,2048,27,1,0.0018,0.152
300627880,3006,27,1,0.0096,0.123
301427880,3014,27,1,0.0177,0.148
400227880,4002,27,1,0.0131,0.127
401027880,4010,27,1,0.0059,0.087
401227880,4012,27,1,0.0226,0.098
601827880,6018,27,1,0.0026,0.173
100429880,1004,29,1,0.0189,0.053
100629880,1006,29,1,0.0185,0.109
100729880,1007,29,1,0.0193,0.092
100929880,1009,29,1,0.045,0.062
101129880,1011,29,1,0.0304,0.15
101329880,1013,29,1,0.0362,0.103
101729880,1017,29,1,0.0105,0.113
103029880,1030,29,1,0.0099,0.093
104529880,1045,29,1,0.0019,0.178
200529880,2005,29,1,0.0025,0.117
200829880,2008,29,1,0.0139,0.119
201529880,2015,29,1,0.012,0.088
201629880,2016,29,1,0.0119,0.151
201929880,2019,29,1,0.0102,0.125
202629880,2026,29,1,0.0018,0.194
202829880,2028,29,1,0.0304,0.175
204029880,2040,29,1,0.0043,0.119
204829880,2048,29,1,0.0011,0.148
300629880,3006,29,1,0.0443,0.09
301429880,3014,29,1,0.0222,0.167
400229880,4002,29,1,7e-4,0.192
401029880,4010,29,1,0.0053,0.114
401229880,4012,29,1,0.0067,0.103
601829880,6018,29,1,0.0213,0.13
100430880,1004,30,1,0.0011,0.094
100630880,1006,30,1,0.0162,0.136
100730880,1007,30,1,0.0366,0.102
100930880,1009,30,1,0.043,0.059
101130880,1011,30,1,0.0354,0.169
101330880,1013,30,1,0.0105,0.102
101730880,1017,30,1,0.0057,0.136
103030880,1030,30,1,0.0023,0.147
104530880,1045,30,1,0.007,0.15
200530880,2005,30,1,0.0114,0.134
200830880,2008,30,1,0.0998,0.107
201530880,2015,30,1,0.0125,0.08
201630880,2016,30,1,0.0046,0.145
201930880,2019,30,1,0.0045,0.156
202630880,2026,30,1,0.0086,0.139
202830880,2028,30,1,0.0156,0.202
204030880,2040,30,1,0.0045,0.135
204830880,2048,30,1,0.0104,0.108
300630880,3006,30,1,0.0045,0.15
301430880,3014,30,1,0.029,0.14
400230880,4002,30,1,0.0056,0.146
401030880,4010,30,1,0.0146,0.103
401230880,4012,30,1,0.0061,0.105
601830880,6018,30,1,0.0156,0.126
100431880,1004,31,1,0.0038,0.083
100631880,1006,31,1,0.0082,0.151
100731880,1007,31,1,0.0401,0.067
100931880,1009,31,1,0.0205,0.111
101131880,1011,31,1,0.1496,0.157
101331880,1013,31,1,0.021,0.13
101731880,1017,31,1,0.0064,0.126
103031880,1030,31,1,0.0021,0.122
104531880,1045,31,1,0.0049,0.13
200531880,2005,31,1,0.0026,0.131
200831880,2008,31,1,0.0119,0.111
201531880,2015,31,1,0.001,0.111
201631880,2016,31,1,0.0705,0.114
201931880,2019,31,1,0.0169,0.132
202631880,2026,31,1,0.0189,0.12
202831880,2028,31,1,0.0095,0.176
204031880,2040,31,1,0.0068,0.111
204831880,2048,31,1,0.006,0.125
300631880,3006,31,1,0.0496,0.129
301431880,3014,31,1,0.0287,0.127
400231880,4002,31,1,0.0075,0.197
401031880,4010,31,1,0.0145,0.082
401231880,4012,31,1,0.0183,0.105
601831880,6018,31,1,0.0466,0.107
100432880,1004,32,1,0.0191,0.092
100632880,1006,32,1,0.0079,0.159
100732880,1007,32,1,0.0158,0.111
100932880,1009,32,1,0.0083,0.11
101132880,1011,32,1,0.054,0.175
101332880,1013,32,1,0.0243,0.138
101732880,1017,32,1,0.0103,0.124
103032880,1030,32,1,0.0145,0.112
104532880,1045,32,1,0.0065,0.124
200532880,2005,32,1,0.0043,0.153
200832880,2008,32,1,0.0319,0.101
201532880,2015,32,1,0.0097,0.101
201632880,2016,32,1,0.0094,0.146
201932880,2019,32,1,0.0037,0.118
202632880,2026,32,1,0.0125,0.129
202832880,2028,32,1,0.0515,0.156
204032880,2040,32,1,0.0025,0.145
204832880,2048,32,1,0.0056,0.157
300632880,3006,32,1,0.0109,0.117
301432880,3014,32,1,0.0421,0.131
400232880,4002,32,1,0.006,0.152
401032880,4010,32,1,0.0015,0.11
401232880,4012,32,1,0.0298,0.089
601832880,6018,32,1,0.0014,0.167
100433880,1004,33,1,0.0165,0.05
100633880,1006,33,1,0.0173,0.112
100733880,1007,33,1,0.0198,0.084
100933880,1009,33,1,0.0366,0.088
101133880,1011,33,1,0.0207,0.171
101333880,1013,33,1,0.0041,0.132
101733880,1017,33,1,0.0273,0.095
103033880,1030,33,1,0.0029,0.126
104533880,1045,33,1,0.0126,0.107
200533880,2005,33,1,0.0102,0.094
200833880,2008,33,1,0.0119,0.105
201533880,2015,33,1,0.0038,0.081
201633880,2016,33,1,0.0074,0.175
201933880,2019,33,1,0.0153,0.13
202633880,2026,33,1,0.0168,0.126
202833880,2028,33,1,0.0137,0.18
204033880,2040,33,1,5e-4,0.127
204833880,2048,33,1,0.0024,0.152
300633880,3006,33,1,0.0165,0.092
301433880,3014,33,1,0.0372,0.113
400233880,4002,33,1,0.0091,0.151
401033880,4010,33,1,0.0072,0.074
401233880,4012,33,1,0.0382,0.083
601833880,6018,33,1,0.0087,0.163
100434880,1004,34,1,0.0049,0.102
100634880,1006,34,1,0.0462,0.117
100734880,1007,34,1,0.0327,0.143
100934880,1009,34,1,0.0221,0.061
101134880,1011,34,1,0.0178,0.186
101334880,1013,34,1,0.0106,0.104
101734880,1017,34,1,0.0445,0.119
103034880,1030,34,1,0.0102,0.124
104534880,1045,34,1,0.0085,0.108
200534880,2005,34,1,0.0287,0.102
200834880,2008,34,1,0.0049,0.137
201534880,2015,34,1,0.0141,0.097
201634880,2016,34,1,0.0333,0.123
201934880,2019,34,1,0.0063,0.142
202634880,2026,34,1,0.0076,0.117
202834880,2028,34,1,0.0082,0.214
204034880,2040,34,1,0.0541,0.119
204834880,2048,34,1,0.0107,0.115
300634880,3006,34,1,0.0036,0.123
301434880,3014,34,1,0.0899,0.102
400234880,4002,34,1,0.0069,0.129
401034880,4010,34,1,0.0076,0.105
401234880,4012,34,1,0.0093,0.073
601834880,6018,34,1,0.0145,0.158
100435880,1004,35,1,0.0198,0.101
100635880,1006,35,1,0.082,0.128
100735880,1007,35,1,0.0689,0.119
100935880,1009,35,1,0.007,0.109
101135880,1011,35,1,0.0775,0.151
101335880,1013,35,1,0.0308,0.123
101735880,1017,35,1,0.0039,0.151
103035880,1030,35,1,0.0025,0.167
104535880,1045,35,1,0.0215,0.112
200535880,2005,35,1,0.009,0.126
200835880,2008,35,1,0.0135,0.102
201535880,2015,35,1,0.0299,0.076
201635880,2016,35,1,0.0105,0.166
201935880,2019,35,1,0.0104,0.145
202635880,2026,35,1,0.0299,0.143
202835880,2028,35,1,0.1144,0.139
204035880,2040,35,1,0.0024,0.135
204835880,2048,35,1,0.0202,0.113
300635880,3006,35,1,0.0046,0.16
301435880,3014,35,1,0.0098,0.151
400235880,4002,35,1,0.0504,0.157
401035880,4010,35,1,0.0077,0.108
401235880,4012,35,1,0.003,0.134
601835880,6018,35,1,0.0432,0.131
100436880,1004,36,1,0.0631,0.062
100636880,1006,36,1,0.0134,0.162
100736880,1007,36,1,0.0312,0.104
100936880,1009,36,1,0.0121,0.1
101136880,1011,36,1,0.0432,0.161
101336880,1013,36,1,0.0269,0.136
101736880,1017,36,1,0.0058,0.134
103036880,1030,36,1,0.0096,0.11
104536880,1045,36,1,0.0028,0.156
200536880,2005,36,1,0.0142,0.108
200836880,2008,36,1,0.0221,0.106
201536880,2015,36,1,3e-4,0.144
201636880,2016,36,1,0.0206,0.126
201936880,2019,36,1,0.0161,0.125
202636880,2026,36,1,0.0199,0.125
202836880,2028,36,1,0.0045,0.169
204036880,2040,36,1,0.01,0.096
204836880,2048,36,1,0.0056,0.127
300636880,3006,36,1,0.0197,0.124
301436880,3014,36,1,0.0197,0.15
400236880,4002,36,1,0.0638,0.099
401036880,4010,36,1,0.0065,0.064
401236880,4012,36,1,0.0159,0.116
601836880,6018,36,1,0.0139,0.125
100437880,1004,37,1,0.0022,0.11
100637880,1006,37,1,0.065,0.1
100737880,1007,37,1,0.0214,0.083
100937880,1009,37,1,0.0079,0.106
101137880,1011,37,1,0.0164,0.182
101337880,1013,37,1,0.0323,0.086
101737880,1017,37,1,0.0099,0.102
103037880,1030,37,1,0.0045,0.095
104537880,1045,37,1,0.0061,0.142
200537880,2005,37,1,0.0265,0.125
200837880,2008,37,1,0.0088,0.119
201537880,2015,37,1,0.0014,0.101
201637880,2016,37,1,0.0108,0.148
201937880,2019,37,1,0.037,0.084
202637880,2026,37,1,0.0264,0.151
202837880,2028,37,1,0.0039,0.186
204037880,2040,37,1,0.0037,0.103
204837880,2048,37,1,0.0018,0.126
300637880,3006,37,1,0.0249,0.165
301437880,3014,37,1,0.0437,0.119
400237880,4002,37,1,0.0116,0.14
401037880,4010,37,1,0.0052,0.1
401237880,4012,37,1,0.0102,0.103
601837880,6018,37,1,0.0122,0.146
100438880,1004,38,1,0.0112,0.07
100638880,1006,38,1,0.0605,0.109
100738880,1007,38,1,0.0181,0.111
100938880,1009,38,1,0.0061,0.103
101138880,1011,38,1,0.0138,0.195
101338880,1013,38,1,0.0173,0.121
101738880,1017,38,1,0.0044,0.122
103038880,1030,38,1,0.0019,0.144
104538880,1045,38,1,0.0064,0.131
200538880,2005,38,1,0.0053,0.122
200838880,2008,38,1,0.0505,0.1
201538880,2015,38,1,0.0024,0.077
201638880,2016,38,1,0.0228,0.098
201938880,2019,38,1,0.0031,0.138
202638880,2026,38,1,0.032,0.13
202838880,2028,38,1,0.0063,0.196
204038880,2040,38,1,0.0015,0.115
204838880,2048,38,1,0.0046,0.137
300638880,3006,38,1,0.0483,0.12
301438880,3014,38,1,0.0503,0.121
400238880,4002,38,1,0.0177,0.141
401038880,4010,38,1,0.0108,0.055
401238880,4012,38,1,0.0045,0.119
601838880,6018,38,1,0.0232,0.136
100439880,1004,39,1,0.0116,0.099
100639880,1006,39,1,0.0046,0.159
100739880,1007,39,1,0.0296,0.117
100939880,1009,39,1,0.0204,0.08
101139880,1011,39,1,0.0201,0.171
101339880,1013,39,1,0.0084,0.119
101739880,1017,39,1,0.0078,0.153
103039880,1030,39,1,6e-4,0.144
104539880,1045,39,1,0.0013,0.146
200539880,2005,39,1,0.0674,0.126
200839880,2008,39,1,0.0285,0.087
201539880,2015,39,1,0.0234,0.112
201639880,2016,39,1,0.0144,0.139
201939880,2019,39,1,0.0161,0.115
202639880,2026,39,1,0.0193,0.143
202839880,2028,39,1,0.0091,0.197
204039880,2040,39,1,0.0042,0.109
204839880,2048,39,1,0.0277,0.101
300639880,3006,39,1,0.005,0.132
301439880,3014,39,1,0.0178,0.16
400239880,4002,39,1,0.0081,0.151
401039880,4010,39,1,0.0062,0.114
401239880,4012,39,1,0.0256,0.099
601839880,6018,39,1,0.0079,0.127
100440880,1004,40,1,0.0172,0.088
100640880,1006,40,1,0.0842,0.102
100740880,1007,40,1,0.0068,0.118
100940880,1009,40,1,0.0103,0.115
101140880,1011,40,1,0.0296,0.172
101340880,1013,40,1,0.0041,0.139
101740880,1017,40,1,0.0134,0.123
103040880,1030,40,1,0.0067,0.116
104540880,1045,40,1,9e-4,0.179
200540880,2005,40,1,0.0055,0.118
200840880,2008,40,1,0.0064,0.123
201540880,2015,40,1,0.004,0.106
201640880,2016,40,1,0.005,0.136
201940880,2019,40,1,0.0374,0.123
202640880,2026,40,1,0.0158,0.112
202840880,2028,40,1,0.0023,0.193
204040880,2040,40,1,0.0058,0.122
204840880,2048,40,1,0.0142,0.131
300640880,3006,40,1,0.0046,0.165
301440880,3014,40,1,0.0298,0.129
400240880,4002,40,1,0.0177,0.141
401040880,4010,40,1,0.0043,0.117
401240880,4012,40,1,0.0583,0.079
601840880,6018,40,1,0.0297,0.125
100441880,1004,41,1,0.0056,0.1
100641880,1006,41,1,0.0523,0.111
100741880,1007,41,1,0.0199,0.104
100941880,1009,41,1,0.0133,0.106
101141880,1011,41,1,0.0138,0.182
101341880,1013,41,1,0.0189,0.102
101741880,1017,41,1,0.0032,0.161
103041880,1030,41,1,0.0084,0.129
104541880,1045,41,1,0.0052,0.128
200541880,2005,41,1,0.0434,0.115
200841880,2008,41,1,0.03,0.112
201541880,2015,41,1,0.0324,0.096
201641880,2016,41,1,0.016,0.141
201941880,2019,41,1,0.0121,0.101
202641880,2026,41,1,0.0356,0.122
202841880,2028,41,1,0.036,0.173
204041880,2040,41,1,0.013,0.092
204841880,2048,41,1,0.0021,0.166
300641880,3006,41,1,0.0102,0.117
301441880,3014,41,1,0.0062,0.192
400241880,4002,41,1,0.0335,0.139
401041880,4010,41,1,0.0171,0.11
401241880,4012,41,1,0.0314,0.11
601841880,6018,41,1,5e-4,0.176
100443880,1004,43,1,0.0275,0.063
100643880,1006,43,1,0.0446,0.117
100743880,1007,43,1,0.0212,0.112
100943880,1009,43,1,0.0099,0.133
101143880,1011,43,1,0.0271,0.198
101343880,1013,43,1,0.0124,0.17
101743880,1017,43,1,0.1366,0.092
103043880,1030,43,1,0.0292,0.104
104543880,1045,43,1,0.0015,0.14
200543880,2005,43,1,0.0452,0.081
200843880,2008,43,1,0.0191,0.129
201543880,2015,43,1,0.0027,0.096
201643880,2016,43,1,0.0372,0.105
201943880,2019,43,1,0.0278,0.113
202643880,2026,43,1,0.0104,0.142
202843880,2028,43,1,0.0147,0.217
204043880,2040,43,1,0.0013,0.136
204843880,2048,43,1,0.0042,0.15
300643880,3006,43,1,0.0022,0.138
301443880,3014,43,1,0.0051,0.151
400243880,4002,43,1,0.0254,0.133
401043880,4010,43,1,0.0199,0.066
401243880,4012,43,1,0.0022,0.136
601843880,6018,43,1,0.0156,0.135
100444880,1004,44,1,0.0024,0.076
100644880,1006,44,1,0.006,0.14
100744880,1007,44,1,0.0097,0.112
100944880,1009,44,1,0.0021,0.101
101144880,1011,44,1,0.019,0.194
101344880,1013,44,1,8e-4,0.17
101744880,1017,44,1,0.0051,0.143
103044880,1030,44,1,0.0072,0.114
104544880,1045,44,1,0.012,0.13
200544880,2005,44,1,0.0058,0.124
200844880,2008,44,1,0.0081,0.155
201544880,2015,44,1,5e-4,0.113
201644880,2016,44,1,0.0137,0.141
201944880,2019,44,1,0.0021,0.122
202644880,2026,44,1,0.0045,0.177
202844880,2028,44,1,0.0082,0.185
204044880,2040,44,1,0.0013,0.145
204844880,2048,44,1,0.0031,0.131
300644880,3006,44,1,0.0077,0.129
301444880,3014,44,1,0.0426,0.133
400244880,4002,44,1,0.0107,0.15
401044880,4010,44,1,0.0121,0.096
401244880,4012,44,1,0.0188,0.073
601844880,6018,44,1,0.0028,0.17
100445880,1004,45,1,0.0056,0.102
100645880,1006,45,1,0.0403,0.13
100745880,1007,45,1,0.0413,0.102
100945880,1009,45,1,0.005,0.127
101145880,1011,45,1,0.0252,0.145
101345880,1013,45,1,0.0132,0.114
101745880,1017,45,1,0.0058,0.158
103045880,1030,45,1,0.0085,0.097
104545880,1045,45,1,0.0268,0.098
200545880,2005,45,1,0.0494,0.126
200845880,2008,45,1,0.021,0.124
201545880,2015,45,1,0.0032,0.113
201645880,2016,45,1,0.0095,0.164
201945880,2019,45,1,0.0739,0.103
202645880,2026,45,1,0.0346,0.145
202845880,2028,45,1,0.0067,0.182
204045880,2040,45,1,0.0037,0.15
204845880,2048,45,1,0.0069,0.139
300645880,3006,45,1,0.0234,0.092
301445880,3014,45,1,0.0708,0.174
400245880,4002,45,1,0.0168,0.166
401045880,4010,45,1,0.0032,0.113
401245880,4012,45,1,0.0193,0.123
601845880,6018,45,1,0.043,0.123
100447880,1004,47,1,0.0237,0.093
100647880,1006,47,1,0.0058,0.126
100747880,1007,47,1,0.1179,0.113
100947880,1009,47,1,0.0045,0.106
101147880,1011,47,1,0.0498,0.19
101347880,1013,47,1,0.0025,0.162
101747880,1017,47,1,0.0175,0.148
103047880,1030,47,1,0.0223,0.121
104547880,1045,47,1,0.0113,0.144
200547880,2005,47,1,0.0409,0.117
200847880,2008,47,1,0.0057,0.135
201547880,2015,47,1,0.0039,0.121
201647880,2016,47,1,0.0164,0.141
201947880,2019,47,1,0.0027,0.137
202647880,2026,47,1,0.0061,0.142
202847880,2028,47,1,0.0151,0.205
204047880,2040,47,1,0.0071,0.137
204847880,2048,47,1,0.0021,0.157
300647880,3006,47,1,0.0189,0.116
301447880,3014,47,1,0.0251,0.155
400247880,4002,47,1,0.0069,0.184
401047880,4010,47,1,0.0145,0.096
401247880,4012,47,1,0.0674,0.114
601847880,6018,47,1,0.0033,0.142
100448880,1004,48,1,0.0255,0.045
100648880,1006,48,1,0.0131,0.153
100748880,1007,48,1,0.05,0.092
100948880,1009,48,1,0.0044,0.113
101148880,1011,48,1,0.0369,0.19
101348880,1013,48,1,0.033,0.104
101748880,1017,48,1,0.0097,0.153
103048880,1030,48,1,0.008,0.138
104548880,1045,48,1,0.0268,0.124
200548880,2005,48,1,0.0151,0.121
200848880,2008,48,1,0.0413,0.124
201548880,2015,48,1,0.0022,0.122
201648880,2016,48,1,0.006,0.13
201948880,2019,48,1,0.0272,0.096
202648880,2026,48,1,0.0104,0.13
202848880,2028,48,1,0.0071,0.168
204048880,2040,48,1,0.0025,0.14
204848880,2048,48,1,0.0017,0.142
300648880,3006,48,1,0.0206,0.132
301448880,3014,48,1,0.022,0.148
400248880,4002,48,1,0.0424,0.135
401048880,4010,48,1,0.0056,0.114
401248880,4012,48,1,0.023,0.086
601848880,6018,48,1,0.0072,0.147
100449880,1004,49,1,0.0774,0.049
100649880,1006,49,1,0.0696,0.117
100749880,1007,49,1,0.0395,0.126
100949880,1009,49,1,0.0103,0.088
101149880,1011,49,1,0.0639,0.149
101349880,1013,49,1,0.0074,0.141
101749880,1017,49,1,0.0161,0.151
103049880,1030,49,1,0.0298,0.083
104549880,1045,49,1,0.0129,0.14
200549880,2005,49,1,0.0156,0.14
200849880,2008,49,1,0.0035,0.133
201549880,2015,49,1,0.0084,0.131
201649880,2016,49,1,0.0653,0.127
201949880,2019,49,1,0.0242,0.117
202649880,2026,49,1,0.0136,0.114
202849880,2028,49,1,0.0706,0.159
204049880,2040,49,1,0.0015,0.113
204849880,2048,49,1,0.0064,0.16
300649880,3006,49,1,0.0154,0.115
301449880,3014,49,1,0.0028,0.172
400249880,4002,49,1,0.0095,0.124
401049880,4010,49,1,0.0091,0.109
401249880,4012,49,1,0.0455,0.074
601849880,6018,49,1,0.0038,0.168
100452880,1004,52,1,0.0096,0.077
100652880,1006,52,1,0.0659,0.124
100752880,1007,52,1,0.0046,0.149
100952880,1009,52,1,0.0067,0.11
101152880,1011,52,1,0.1145,0.147
101352880,1013,52,1,0.0331,0.123
101752880,1017,52,1,0.0169,0.13
103052880,1030,52,1,8e-4,0.14
104552880,1045,52,1,0.0035,0.111
200552880,2005,52,1,0.0168,0.126
200852880,2008,52,1,0.01,0.113
201552880,2015,52,1,0.0078,0.102
201652880,2016,52,1,0.0063,0.143
201952880,2019,52,1,0.0231,0.116
202652880,2026,52,1,0.0052,0.186
202852880,2028,52,1,0.0429,0.16
204052880,2040,52,1,0.0017,0.134
204852880,2048,52,1,7e-4,0.172
300652880,3006,52,1,0.033,0.103
301452880,3014,52,1,0.0062,0.135
400252880,4002,52,1,0.0046,0.168
401052880,4010,52,1,0.0034,0.089
401252880,4012,52,1,0.0215,0.117
601852880,6018,52,1,0.0338,0.141
100453880,1004,53,1,0.0058,0.088
100653880,1006,53,1,0.0288,0.094
100753880,1007,53,1,0.0124,0.114
100953880,1009,53,1,0.0037,0.124
101153880,1011,53,1,0.0068,0.206
101353880,1013,53,1,0.0122,0.148
101753880,1017,53,1,0.0065,0.136
103053880,1030,53,1,0.0013,0.139
104553880,1045,53,1,0.0072,0.117
200553880,2005,53,1,0.0104,0.122
200853880,2008,53,1,0.017,0.137
201553880,2015,53,1,0.001,0.097
201653880,2016,53,1,0.0069,0.137
201953880,2019,53,1,0.0068,0.137
202653880,2026,53,1,0.0273,0.141
202853880,2028,53,1,0.0611,0.19
204053880,2040,53,1,0.014,0.133
204853880,2048,53,1,0.0172,0.101
300653880,3006,53,1,0.0127,0.138
301453880,3014,53,1,0.0449,0.115
400253880,4002,53,1,0.0113,0.117
401053880,4010,53,1,0.0144,0.059
401253880,4012,53,1,0.0079,0.127
601853880,6018,53,1,0.035,0.097
100454880,1004,54,1,9e-4,0.055
100654880,1006,54,1,0.0086,0.143
100754880,1007,54,1,0.0052,0.116
100954880,1009,54,1,8e-4,0.12
101154880,1011,54,1,0.0113,0.191
101354880,1013,54,1,0.0083,0.162
101754880,1017,54,1,0.015,0.105
103054880,1030,54,1,0.0022,0.096
104554880,1045,54,1,0.017,0.121
200554880,2005,54,1,0.0022,0.127
200854880,2008,54,1,0.0215,0.091
201554880,2015,54,1,4e-4,0.108
201654880,2016,54,1,0.0122,0.13
201954880,2019,54,1,0.0209,0.132
202654880,2026,54,1,0.0022,0.14
202854880,2028,54,1,0.008,0.21
204054880,2040,54,1,0.0056,0.131
204854880,2048,54,1,2e-4,0.161
300654880,3006,54,1,0.01,0.137
301454880,3014,54,1,0.0096,0.14
400254880,4002,54,1,0.0117,0.178
401054880,4010,54,1,6e-4,0.141
401254880,4012,54,1,0.0087,0.121
601854880,6018,54,1,0.0016,0.148
100455880,1004,55,1,0.0025,0.086
100655880,1006,55,1,0.0216,0.111
100755880,1007,55,1,0.0115,0.117
100955880,1009,55,1,0.0047,0.123
101155880,1011,55,1,0.0136,0.192
101355880,1013,55,1,0.0049,0.119
101755880,1017,55,1,0.0274,0.133
103055880,1030,55,1,0.0182,0.124
104555880,1045,55,1,0.0037,0.151
200555880,2005,55,1,0.0162,0.109
200855880,2008,55,1,0.022,0.113
201555880,2015,55,1,0.0017,0.122
201655880,2016,55,1,0.0198,0.137
201955880,2019,55,1,0.006,0.1
202655880,2026,55,1,0.0822,0.117
202855880,2028,55,1,0.0158,0.194
204055880,2040,55,1,0.005,0.147
204855880,2048,55,1,0.0216,0.122
300655880,3006,55,1,0.0015,0.139
301455880,3014,55,1,0.0076,0.155
400255880,4002,55,1,0.0175,0.144
401055880,4010,55,1,0.0303,0.068
401255880,4012,55,1,0.0069,0.113
601855880,6018,55,1,0.0101,0.153
100456880,1004,56,1,0.0031,0.09
100656880,1006,56,1,0.0122,0.123
100756880,1007,56,1,0.0216,0.104
100956880,1009,56,1,0.013,0.124
101156880,1011,56,1,0.0108,0.181
101356880,1013,56,1,0.0096,0.102
101756880,1017,56,1,0.0248,0.092
103056880,1030,56,1,0.0052,0.136
104556880,1045,56,1,0.0046,0.113
200556880,2005,56,1,0.1586,0.102
200856880,2008,56,1,0.0219,0.113
201556880,2015,56,1,0.0164,0.074
201656880,2016,56,1,0.0254,0.127
201956880,2019,56,1,0.0207,0.103
202656880,2026,56,1,0.009,0.174
202856880,2028,56,1,0.0043,0.154
204056880,2040,56,1,0.0071,0.141
204856880,2048,56,1,0.0018,0.15
300656880,3006,56,1,0.027,0.08
301456880,3014,56,1,0.0751,0.118
400256880,4002,56,1,0.0129,0.155
401056880,4010,56,1,0.0025,0.092
401256880,4012,56,1,0.0027,0.109
601856880,6018,56,1,0.0509,0.116
100458880,1004,58,1,0.0081,0.064
100658880,1006,58,1,0.0125,0.097
100758880,1007,58,1,0.0168,0.105
100958880,1009,58,1,0.0081,0.102
101158880,1011,58,1,0.0064,0.19
101358880,1013,58,1,0.0061,0.122
101758880,1017,58,1,0.0454,0.096
103058880,1030,58,1,0.0024,0.105
104558880,1045,58,1,0.0231,0.123
200558880,2005,58,1,0.0102,0.155
200858880,2008,58,1,0.0505,0.072
201558880,2015,58,1,0.0065,0.087
201658880,2016,58,1,0.0046,0.154
201958880,2019,58,1,0.0032,0.14
202658880,2026,58,1,0.0086,0.156
202858880,2028,58,1,0.0362,0.181
204058880,2040,58,1,0.0029,0.177
204858880,2048,58,1,0.0104,0.1
300658880,3006,58,1,0.0432,0.097
301458880,3014,58,1,0.2279,0.113
400258880,4002,58,1,0.0188,0.198
401058880,4010,58,1,0.0041,0.107
401258880,4012,58,1,0.088,0.101
601858880,6018,58,1,0.0075,0.148
100461880,1004,61,1,0.003,0.098
100661880,1006,61,1,0.0159,0.137
100761880,1007,61,1,0.0084,0.129
100961880,1009,61,1,0.0226,0.103
101161880,1011,61,1,0.0414,0.167
101361880,1013,61,1,0.0065,0.099
101761880,1017,61,1,3e-4,0.157
103061880,1030,61,1,0.007,0.125
104561880,1045,61,1,7e-4,0.172
200561880,2005,61,1,0.0219,0.133
200861880,2008,61,1,0.0592,0.106
201561880,2015,61,1,0.005,0.073
201661880,2016,61,1,0.0435,0.13
201961880,2019,61,1,0.0115,0.12
202661880,2026,61,1,0.0012,0.191
202861880,2028,61,1,0.0751,0.161
204061880,2040,61,1,0.0014,0.144
204861880,2048,61,1,0.0216,0.106
300661880,3006,61,1,0.0386,0.117
301461880,3014,61,1,0.0031,0.138
400261880,4002,61,1,0.1123,0.144
401061880,4010,61,1,0.0103,0.114
401261880,4012,61,1,0.0212,0.108
601861880,6018,61,1,0.0069,0.133
100463880,1004,63,1,0.0089,0.08
100663880,1006,63,1,0.0048,0.132
100763880,1007,63,1,0.0296,0.071
100963880,1009,63,1,0.0068,0.103
101163880,1011,63,1,0.0824,0.146
101363880,1013,63,1,0.0424,0.13
101763880,1017,63,1,0.0669,0.113
103063880,1030,63,1,0.0047,0.125
104563880,1045,63,1,0.0023,0.1
200563880,2005,63,1,0.0387,0.114
200863880,2008,63,1,0.0177,0.092
201563880,2015,63,1,0.0017,0.088
201663880,2016,63,1,0.0425,0.124
201963880,2019,63,1,0.0232,0.111
202663880,2026,63,1,0.0333,0.118
202863880,2028,63,1,0.0128,0.182
204063880,2040,63,1,0.0028,0.132
204863880,2048,63,1,9e-4,0.178
300663880,3006,63,1,0.0078,0.128
301463880,3014,63,1,0.012,0.164
400263880,4002,63,1,0.054,0.137
401063880,4010,63,1,0.0081,0.102
401263880,4012,63,1,0.0197,0.105
601863880,6018,63,1,0.1114,0.132
100465880,1004,65,1,0.0034,0.076
100665880,1006,65,1,0.1051,0.089
100765880,1007,65,1,0.0168,0.101
100965880,1009,65,1,0.0132,0.063
101165880,1011,65,1,0.0037,0.178
101365880,1013,65,1,0.003,0.118
101765880,1017,65,1,0.0092,0.106
103065880,1030,65,1,0.0036,0.116
104565880,1045,65,1,0.0044,0.142
200565880,2005,65,1,0.008,0.098
200865880,2008,65,1,0.0467,0.087
201565880,2015,65,1,0.012,0.051
201665880,2016,65,1,0.0055,0.134
201965880,2019,65,1,0.0595,0.093
202665880,2026,65,1,0.002,0.159
202865880,2028,65,1,0.0089,0.178
204065880,2040,65,1,0.0029,0.138
204865880,2048,65,1,0.0013,0.125
300665880,3006,65,1,0.0304,0.135
301465880,3014,65,1,0.0239,0.173
400265880,4002,65,1,0.0183,0.15
401065880,4010,65,1,6e-4,0.136
401265880,4012,65,1,0.042,0.085
601865880,6018,65,1,0.0012,0.133
100401880,1004,1,2,0.0064,0.078
100601880,1006,1,2,0.1413,0.141
100701880,1007,1,2,0.0879,0.073
100901880,1009,1,2,0.0066,0.077
101101880,1011,1,2,0.0543,0.167
101301880,1013,1,2,0.022,0.092
101701880,1017,1,2,0.0105,0.154
103001880,1030,1,2,0.0013,0.15
104501880,1045,1,2,0.0105,0.147
200501880,2005,1,2,0.0591,0.099
200801880,2008,1,2,0.013,0.12
201501880,2015,1,2,0.0078,0.072
201601880,2016,1,2,0.0179,0.139
201901880,2019,1,2,0.004,0.15
202601880,2026,1,2,0.0056,0.153
202801880,2028,1,2,0.0115,0.21
204001880,2040,1,2,0.0013,0.139
204801880,2048,1,2,6e-4,0.162
300601880,3006,1,2,0.0071,0.14
301401880,3014,1,2,0.0054,0.154
400201880,4002,1,2,0.0045,0.136
401001880,4010,1,2,0.0067,0.11
401201880,4012,1,2,0.0083,0.104
601801880,6018,1,2,0.0035,0.127
100403880,1004,3,2,0.0059,0.068
100603880,1006,3,2,0.022,0.132
100703880,1007,3,2,0.0029,0.105
100903880,1009,3,2,0.0011,0.128
101103880,1011,3,2,0.017,0.142
101303880,1013,3,2,0.0243,0.143
101703880,1017,3,2,0.0067,0.139
103003880,1030,3,2,0.0067,0.139
104503880,1045,3,2,0.0085,0.144
200503880,2005,3,2,0.0257,0.105
200803880,2008,3,2,0.0098,0.115
201503880,2015,3,2,0.0025,0.12
201603880,2016,3,2,0.0119,0.108
201903880,2019,3,2,0.0107,0.11
202603880,2026,3,2,0.0155,0.111
202803880,2028,3,2,0.0526,0.161
204003880,2040,3,2,0.003,0.093
204803880,2048,3,2,0.0047,0.076
300603880,3006,3,2,0.0373,0.104
301403880,3014,3,2,0.0291,0.165
400203880,4002,3,2,0.0113,0.17
401003880,4010,3,2,0.0071,0.078
401203880,4012,3,2,0.015,0.1
601803880,6018,3,2,0.007,0.141
100404880,1004,4,2,0.021,0.109
100604880,1006,4,2,0.0526,0.098
100704880,1007,4,2,0.0281,0.132
100904880,1009,4,2,0.0381,0.073
101104880,1011,4,2,0.0096,0.204
101304880,1013,4,2,0.0096,0.162
101704880,1017,4,2,0.0733,0.108
103004880,1030,4,2,5e-4,0.176
104504880,1045,4,2,0.0029,0.145
200504880,2005,4,2,0.0388,0.104
200804880,2008,4,2,0.0229,0.132
201504880,2015,4,2,0.0028,0.099
201604880,2016,4,2,0.0095,0.151
201904880,2019,4,2,0.0676,0.095
202604880,2026,4,2,0.005,0.143
202804880,2028,4,2,0.0203,0.22
204004880,2040,4,2,0.0087,0.145
204804880,2048,4,2,0.0043,0.126
300604880,3006,4,2,0.0377,0.11
301404880,3014,4,2,0.0552,0.157
400204880,4002,4,2,0.0234,0.15
401004880,4010,4,2,0.0175,0.105
401204880,4012,4,2,0.0191,0.11
601804880,6018,4,2,0.0326,0.119
100405880,1004,5,2,0.0019,0.101
100605880,1006,5,2,0.0053,0.142
100705880,1007,5,2,0.0021,0.146
100905880,1009,5,2,0.0318,0.06
101105880,1011,5,2,0.036,0.193
101305880,1013,5,2,0.0156,0.105
101705880,1017,5,2,0.018,0.135
103005880,1030,5,2,0.0036,0.114
104505880,1045,5,2,0.0052,0.159
200505880,2005,5,2,0.0119,0.092
200805880,2008,5,2,0.0107,0.107
201505880,2015,5,2,0.0015,0.102
201605880,2016,5,2,0.0133,0.133
201905880,2019,5,2,0.1409,0.091
202605880,2026,5,2,0.0117,0.14
202805880,2028,5,2,0.0107,0.186
204005880,2040,5,2,0.0058,0.135
204805880,2048,5,2,0.0033,0.102
300605880,3006,5,2,0.0097,0.127
301405880,3014,5,2,0.03,0.139
400205880,4002,5,2,0.0082,0.156
401005880,4010,5,2,0.0045,0.107
401205880,4012,5,2,0.0054,0.142
601805880,6018,5,2,0.0087,0.151
100407880,1004,7,2,0.0489,0.089
100607880,1006,7,2,0.213,0.105
100707880,1007,7,2,0.0564,0.112
100907880,1009,7,2,0.0023,0.135
101107880,1011,7,2,0.0502,0.171
101307880,1013,7,2,0.035,0.087
101707880,1017,7,2,0.0109,0.124
103007880,1030,7,2,0.043,0.099
104507880,1045,7,2,0.0144,0.125
200507880,2005,7,2,0.0298,0.122
200807880,2008,7,2,0.0182,0.115
201507880,2015,7,2,0.0039,0.099
201607880,2016,7,2,0.0107,0.125
201907880,2019,7,2,0.0043,0.124
202607880,2026,7,2,0.0063,0.134
202807880,2028,7,2,0.0075,0.205
204007880,2040,7,2,0.0111,0.118
204807880,2048,7,2,0.0239,0.103
300607880,3006,7,2,0.0044,0.126
301407880,3014,7,2,0.0343,0.157
400207880,4002,7,2,0.0199,0.15
401007880,4010,7,2,0.0107,0.14
401207880,4012,7,2,0.0058,0.13
601807880,6018,7,2,0.0309,0.129
100408880,1004,8,2,0.0024,0.079
100608880,1006,8,2,0.0496,0.096
100708880,1007,8,2,0.031,0.095
100908880,1009,8,2,0.0076,0.098
101108880,1011,8,2,0.4469,0.133
101308880,1013,8,2,0.008,0.123
101708880,1017,8,2,0.0038,0.147
103008880,1030,8,2,4e-4,0.136
104508880,1045,8,2,0.0012,0.161
200508880,2005,8,2,7e-4,0.146
200808880,2008,8,2,0.01,0.108
201508880,2015,8,2,5e-4,0.109
201608880,2016,8,2,0.0028,0.149
201908880,2019,8,2,0.0026,0.134
202608880,2026,8,2,0.0133,0.108
202808880,2028,8,2,0.0161,0.193
204008880,2040,8,2,0.0172,0.103
204808880,2048,8,2,0.0023,0.134
300608880,3006,8,2,0.0024,0.151
301408880,3014,8,2,0.0042,0.172
400208880,4002,8,2,0.0055,0.14
401008880,4010,8,2,6e-4,0.127
401208880,4012,8,2,0.0026,0.102
601808880,6018,8,2,0.0017,0.124
100411880,1004,11,2,0.0074,0.086
100611880,1006,11,2,0.0246,0.14
100711880,1007,11,2,0.0177,0.122
100911880,1009,11,2,0.0224,0.087
101111880,1011,11,2,0.0164,0.199
101311880,1013,11,2,0.0227,0.102
101711880,1017,11,2,0.1018,0.113
103011880,1030,11,2,0.0042,0.136
104511880,1045,11,2,0.0039,0.12
200511880,2005,11,2,0.0046,0.163
200811880,2008,11,2,0.0127,0.117
201511880,2015,11,2,0.0031,0.111
201611880,2016,11,2,0.0196,0.128
201911880,2019,11,2,0.0095,0.117
202611880,2026,11,2,0.0051,0.125
202811880,2028,11,2,0.011,0.187
204011880,2040,11,2,0.0023,0.118
204811880,2048,11,2,0.0161,0.094
300611880,3006,11,2,0.0073,0.173
301411880,3014,11,2,0.0516,0.179
400211880,4002,11,2,0.0146,0.168
401011880,4010,11,2,0.012,0.1
401211880,4012,11,2,0.042,0.102
601811880,6018,11,2,0.0115,0.157
100412880,1004,12,2,0.0239,0.048
100612880,1006,12,2,0.0345,0.109
100712880,1007,12,2,0.0254,0.08
100912880,1009,12,2,0.0082,0.086
101112880,1011,12,2,0.0269,0.158
101312880,1013,12,2,0.0071,0.138
101712880,1017,12,2,0.0196,0.108
103012880,1030,12,2,0.0041,0.133
104512880,1045,12,2,0.0011,0.148
200512880,2005,12,2,0.0634,0.117
200812880,2008,12,2,0.068,0.089
201512880,2015,12,2,6e-4,0.1
201612880,2016,12,2,0.0056,0.139
201912880,2019,12,2,0.0228,0.112
202612880,2026,12,2,0.0036,0.163
202812880,2028,12,2,0.0419,0.154
204012880,2040,12,2,0.0108,0.112
204812880,2048,12,2,0.0069,0.136
300612880,3006,12,2,0.0099,0.101
301412880,3014,12,2,0.0083,0.144
400212880,4002,12,2,0.008,0.153
401012880,4010,12,2,0.0043,0.118
401212880,4012,12,2,0.0203,0.132
601812880,6018,12,2,0.0343,0.143
100413880,1004,13,2,0.0241,0.054
100613880,1006,13,2,0.0484,0.118
100713880,1007,13,2,0.0174,0.098
100913880,1009,13,2,0.0051,0.117
101113880,1011,13,2,0.0155,0.172
101313880,1013,13,2,0.0141,0.142
101713880,1017,13,2,0.0291,0.12
103013880,1030,13,2,0.0304,0.1
104513880,1045,13,2,0.0035,0.149
200513880,2005,13,2,0.0357,0.098
200813880,2008,13,2,0.0333,0.111
201513880,2015,13,2,0.0017,0.103
201613880,2016,13,2,0.0295,0.114
201913880,2019,13,2,0.0135,0.133
202613880,2026,13,2,0.0125,0.151
202813880,2028,13,2,0.0258,0.147
204013880,2040,13,2,0.0127,0.131
204813880,2048,13,2,0.0062,0.138
300613880,3006,13,2,8e-4,0.156
301413880,3014,13,2,0.0102,0.132
400213880,4002,13,2,0.0104,0.149
401013880,4010,13,2,8e-4,0.113
401213880,4012,13,2,0.0512,0.105
601813880,6018,13,2,0.0367,0.101
100414880,1004,14,2,0.0043,0.092
100614880,1006,14,2,0.0218,0.083
100714880,1007,14,2,0.0197,0.091
100914880,1009,14,2,0.021,0.113
101114880,1011,14,2,0.0245,0.194
101314880,1013,14,2,0.0131,0.147
101714880,1017,14,2,0.0228,0.1
103014880,1030,14,2,0.0042,0.124
104514880,1045,14,2,0.0059,0.102
200514880,2005,14,2,0.0872,0.112
200814880,2008,14,2,0.0053,0.114
201514880,2015,14,2,0.002,0.111
201614880,2016,14,2,0.0119,0.134
201914880,2019,14,2,0.0653,0.12
202614880,2026,14,2,0.0051,0.153
202814880,2028,14,2,0.0584,0.169
204014880,2040,14,2,0.0014,0.15
204814880,2048,14,2,0.004,0.127
300614880,3006,14,2,0.0178,0.125
301414880,3014,14,2,0.0028,0.175
400214880,4002,14,2,0.0144,0.158
401014880,4010,14,2,0.0246,0.097
401214880,4012,14,2,0.0124,0.107
601814880,6018,14,2,0.0752,0.131
100415880,1004,15,2,0.0056,0.087
100615880,1006,15,2,0.1234,0.132
100715880,1007,15,2,0.0273,0.102
100915880,1009,15,2,0.0225,0.086
101115880,1011,15,2,0.0111,0.169
101315880,1013,15,2,0.002,0.131
101715880,1017,15,2,0.0028,0.166
103015880,1030,15,2,0.009,0.121
104515880,1045,15,2,0.0091,0.136
200515880,2005,15,2,0.0011,0.164
200815880,2008,15,2,0.0063,0.088
201515880,2015,15,2,0.0013,0.128
201615880,2016,15,2,0.0184,0.139
201915880,2019,15,2,0.0887,0.114
202615880,2026,15,2,0.0031,0.165
202815880,2028,15,2,0.0071,0.208
204015880,2040,15,2,0.0087,0.124
204815880,2048,15,2,0.0025,0.131
300615880,3006,15,2,0.005,0.118
301415880,3014,15,2,0.0052,0.135
400215880,4002,15,2,0.0086,0.186
401015880,4010,15,2,0.0109,0.092
401215880,4012,15,2,0.0298,0.114
601815880,6018,15,2,0.0094,0.137
100416880,1004,16,2,0.0128,0.098
100616880,1006,16,2,0.1326,0.105
100716880,1007,16,2,0.0327,0.111
100916880,1009,16,2,0.0236,0.079
101116880,1011,16,2,0.0098,0.152
101316880,1013,16,2,0.0401,0.111
101716880,1017,16,2,0.0153,0.141
103016880,1030,16,2,0.0035,0.119
104516880,1045,16,2,0.0049,0.145
200516880,2005,16,2,0.0697,0.135
200816880,2008,16,2,0.0293,0.097
201516880,2015,16,2,0.0186,0.064
201616880,2016,16,2,0.0666,0.13
201916880,2019,16,2,0.0202,0.095
202616880,2026,16,2,0.002,0.149
202816880,2028,16,2,0.0162,0.155
204016880,2040,16,2,0.0043,0.142
204816880,2048,16,2,0.0035,0.113
300616880,3006,16,2,0.0178,0.137
301416880,3014,16,2,0.013,0.155
400216880,4002,16,2,0.0176,0.128
401016880,4010,16,2,0.0074,0.103
401216880,4012,16,2,0.0212,0.077
601816880,6018,16,2,0.0221,0.11
100418880,1004,18,2,0.0123,0.075
100618880,1006,18,2,0.0538,0.116
100718880,1007,18,2,0.0525,0.105
100918880,1009,18,2,0.0054,0.098
101118880,1011,18,2,0.0951,0.147
101318880,1013,18,2,0.0124,0.096
101718880,1017,18,2,0.0507,0.103
103018880,1030,18,2,0.0062,0.114
104518880,1045,18,2,0.0099,0.119
200518880,2005,18,2,0.1243,0.098
200818880,2008,18,2,0.0024,0.119
201518880,2015,18,2,0.0022,0.108
201618880,2016,18,2,0.0082,0.119
201918880,2019,18,2,0.0024,0.132
202618880,2026,18,2,0.0188,0.133
202818880,2028,18,2,0.0094,0.179
204018880,2040,18,2,0.0048,0.11
204818880,2048,18,2,0.004,0.126
300618880,3006,18,2,0.0063,0.125
301418880,3014,18,2,0.0244,0.112
400218880,4002,18,2,0.0176,0.157
401018880,4010,18,2,0.0027,0.101
401218880,4012,18,2,0.0071,0.114
601818880,6018,18,2,0.0118,0.143
100420880,1004,20,2,0.005,0.058
100620880,1006,20,2,0.0109,0.132
100720880,1007,20,2,0.0436,0.078
100920880,1009,20,2,0.0195,0.071
101120880,1011,20,2,0.2115,0.163
101320880,1013,20,2,0.0013,0.163
101720880,1017,20,2,0.0359,0.097
103020880,1030,20,2,0.0065,0.123
104520880,1045,20,2,0.0051,0.107
200520880,2005,20,2,0.0034,0.14
200820880,2008,20,2,0.0075,0.133
201520880,2015,20,2,0.0024,0.094
201620880,2016,20,2,0.0127,0.12
201920880,2019,20,2,0.001,0.156
202620880,2026,20,2,0.034,0.136
202820880,2028,20,2,0.005,0.196
204020880,2040,20,2,0.0067,0.105
204820880,2048,20,2,0.0039,0.123
300620880,3006,20,2,0.018,0.124
301420880,3014,20,2,0.0091,0.166
400220880,4002,20,2,0.0118,0.147
401020880,4010,20,2,0.0034,0.071
401220880,4012,20,2,0.0301,0.091
601820880,6018,20,2,0.0404,0.122
100423880,1004,23,2,0.0016,0.101
100623880,1006,23,2,0.0116,0.095
100723880,1007,23,2,0.0243,0.101
100923880,1009,23,2,0.0055,0.123
101123880,1011,23,2,0.0064,0.19
101323880,1013,23,2,0.0039,0.147
101723880,1017,23,2,0.0249,0.107
103023880,1030,23,2,0.004,0.103
104523880,1045,23,2,0.0101,0.131
200523880,2005,23,2,0.0365,0.104
200823880,2008,23,2,0.0088,0.134
201523880,2015,23,2,0.037,0.075
201623880,2016,23,2,0.0193,0.116
201923880,2019,23,2,0.0536,0.109
202623880,2026,23,2,0.0379,0.118
202823880,2028,23,2,0.0099,0.184
204023880,2040,23,2,0.0075,0.114
204823880,2048,23,2,0.043,0.093
300623880,3006,23,2,0.0478,0.079
301423880,3014,23,2,0.0081,0.175
400223880,4002,23,2,0.0254,0.128
401023880,4010,23,2,0.0035,0.115
401223880,4012,23,2,0.1003,0.068
601823880,6018,23,2,0.0119,0.162
100424880,1004,24,2,0.0237,0.068
100624880,1006,24,2,0.0101,0.138
100724880,1007,24,2,0.0198,0.101
100924880,1009,24,2,0.0044,0.125
101124880,1011,24,2,0.0172,0.198
101324880,1013,24,2,0.0206,0.153
101724880,1017,24,2,0.0319,0.091
103024880,1030,24,2,0.0013,0.12
104524880,1045,24,2,0.0038,0.142
200524880,2005,24,2,0.0056,0.115
200824880,2008,24,2,0.0166,0.117
201524880,2015,24,2,0.0013,0.103
201624880,2016,24,2,0.0016,0.139
201924880,2019,24,2,0.0031,0.154
202624880,2026,24,2,0.0296,0.145
202824880,2028,24,2,0.0138,0.179
204024880,2040,24,2,0.0257,0.133
204824880,2048,24,2,8e-4,0.117
300624880,3006,24,2,0.0058,0.141
301424880,3014,24,2,0.0071,0.175
400224880,4002,24,2,0.0333,0.162
401024880,4010,24,2,8e-4,0.138
401224880,4012,24,2,0.0031,0.137
601824880,6018,24,2,0.0608,0.094
100425880,1004,25,2,0.0053,0.05
100625880,1006,25,2,0.0188,0.144
100725880,1007,25,2,0.0067,0.141
100925880,1009,25,2,0.0036,0.11
101125880,1011,25,2,0.0901,0.151
101325880,1013,25,2,0.0344,0.107
101725880,1017,25,2,9e-4,0.141
103025880,1030,25,2,0.0026,0.105
104525880,1045,25,2,0.0063,0.143
200525880,2005,25,2,6e-4,0.142
200825880,2008,25,2,0.0092,0.098
201525880,2015,25,2,2e-4,0.096
201625880,2016,25,2,0.003,0.141
201925880,2019,25,2,0.0074,0.128
202625880,2026,25,2,0.0095,0.143
202825880,2028,25,2,0.0172,0.157
204025880,2040,25,2,6e-4,0.092
204825880,2048,25,2,0.0096,0.11
300625880,3006,25,2,0.0087,0.122
301425880,3014,25,2,0.0223,0.154
400225880,4002,25,2,0.0033,0.153
401025880,4010,25,2,0.0034,0.12
401225880,4012,25,2,0.0234,0.085
601825880,6018,25,2,0.0011,0.165
100426880,1004,26,2,0.0194,0.093
100626880,1006,26,2,0.086,0.126
100726880,1007,26,2,0.0326,0.093
100926880,1009,26,2,0.0067,0.112
101126880,1011,26,2,0.0732,0.155
101326880,1013,26,2,0.0251,0.126
101726880,1017,26,2,0.0016,0.156
103026880,1030,26,2,0.0077,0.104
104526880,1045,26,2,0.0255,0.129
200526880,2005,26,2,0.0398,0.115
200826880,2008,26,2,0.0195,0.118
201526880,2015,26,2,9e-4,0.108
201626880,2016,26,2,0.0085,0.126
201926880,2019,26,2,0.0196,0.133
202626880,2026,26,2,0.021,0.127
202826880,2028,26,2,0.0166,0.173
204026880,2040,26,2,0.0116,0.117
204826880,2048,26,2,0.0012,0.119
300626880,3006,26,2,0.0328,0.12
301426880,3014,26,2,0.0137,0.149
400226880,4002,26,2,0.0085,0.154
401026880,4010,26,2,0.0069,0.112
401226880,4012,26,2,0.0813,0.062
601826880,6018,26,2,0.0119,0.157
100427880,1004,27,2,0.0216,0.084
100627880,1006,27,2,0.0545,0.13
100727880,1007,27,2,0.0103,0.133
100927880,1009,27,2,0.0113,0.093
101127880,1011,27,2,0.0096,0.2
101327880,1013,27,2,0.0103,0.134
101727880,1017,27,2,0.1034,0.102
103027880,1030,27,2,0.0027,0.12
104527880,1045,27,2,0.0111,0.11
200527880,2005,27,2,0.0362,0.115
200827880,2008,27,2,0.0471,0.113
201527880,2015,27,2,0.0015,0.118
201627880,2016,27,2,0.0079,0.173
201927880,2019,27,2,0.0405,0.095
202627880,2026,27,2,0.0145,0.138
202827880,2028,27,2,0.0377,0.172
204027880,2040,27,2,0.0114,0.107
204827880,2048,27,2,0.0058,0.113
300627880,3006,27,2,0.0067,0.137
301427880,3014,27,2,0.0229,0.148
400227880,4002,27,2,0.0276,0.164
401027880,4010,27,2,0.0066,0.122
401227880,4012,27,2,0.007,0.137
601827880,6018,27,2,0.02,0.136
100429880,1004,29,2,0.0037,0.104
100629880,1006,29,2,0.0606,0.134
100729880,1007,29,2,0.0042,0.144
100929880,1009,29,2,0.0202,0.103
101129880,1011,29,2,0.0253,0.184
101329880,1013,29,2,0.0447,0.104
101729880,1017,29,2,0.0366,0.094
103029880,1030,29,2,0.0086,0.14
104529880,1045,29,2,0.0036,0.126
200529880,2005,29,2,0.0059,0.118
200829880,2008,29,2,0.0102,0.135
201529880,2015,29,2,0.0036,0.109
201629880,2016,29,2,0.0083,0.145
201929880,2019,29,2,0.0104,0.119
202629880,2026,29,2,0.0373,0.135
202829880,2028,29,2,0.0133,0.168
204029880,2040,29,2,0.0108,0.11
204829880,2048,29,2,0.027,0.104
300629880,3006,29,2,0.0176,0.123
301429880,3014,29,2,0.0053,0.149
400229880,4002,29,2,0.1026,0.144
401029880,4010,29,2,0.0037,0.081
401229880,4012,29,2,0.012,0.109
601829880,6018,29,2,0.0091,0.151
100430880,1004,30,2,0.0092,0.111
100630880,1006,30,2,0.0404,0.101
100730880,1007,30,2,0.0103,0.152
100930880,1009,30,2,0.0016,0.121
101130880,1011,30,2,0.0352,0.168
101330880,1013,30,2,0.0034,0.156
101730880,1017,30,2,0.0031,0.134
103030880,1030,30,2,0.0317,0.101
104530880,1045,30,2,0.0171,0.142
200530880,2005,30,2,0.0216,0.124
200830880,2008,30,2,0.0071,0.117
201530880,2015,30,2,0.0422,0.091
201630880,2016,30,2,0.0061,0.168
201930880,2019,30,2,0.026,0.125
202630880,2026,30,2,0.0057,0.16
202830880,2028,30,2,0.0558,0.183
204030880,2040,30,2,0.0088,0.118
204830880,2048,30,2,0.0032,0.13
300630880,3006,30,2,0.0095,0.14
301430880,3014,30,2,0.0774,0.097
400230880,4002,30,2,0.0192,0.178
401030880,4010,30,2,0.0053,0.129
401230880,4012,30,2,0.0163,0.11
601830880,6018,30,2,0.0049,0.154
100431880,1004,31,2,0.0034,0.077
100631880,1006,31,2,0.0638,0.087
100731880,1007,31,2,0.0461,0.103
100931880,1009,31,2,0.0017,0.12
101131880,1011,31,2,0.0092,0.163
101331880,1013,31,2,0.0627,0.112
101731880,1017,31,2,0.0117,0.115
103031880,1030,31,2,0.0011,0.138
104531880,1045,31,2,0.0027,0.12
200531880,2005,31,2,0.0488,0.104
200831880,2008,31,2,0.08,0.092
201531880,2015,31,2,0.0058,0.116
201631880,2016,31,2,0.0166,0.135
201931880,2019,31,2,0.0072,0.134
202631880,2026,31,2,0.0498,0.135
202831880,2028,31,2,0.0722,0.144
204031880,2040,31,2,2e-4,0.176
204831880,2048,31,2,0.0027,0.125
300631880,3006,31,2,0.0608,0.123
301431880,3014,31,2,0.0208,0.106
400231880,4002,31,2,0.0028,0.201
401031880,4010,31,2,7e-4,0.145
401231880,4012,31,2,0.0219,0.113
601831880,6018,31,2,0.0067,0.122
100432880,1004,32,2,0.0156,0.065
100632880,1006,32,2,0.0075,0.13
100732880,1007,32,2,0.0129,0.119
100932880,1009,32,2,0.0195,0.097
101132880,1011,32,2,0.0546,0.139
101332880,1013,32,2,0.0102,0.124
101732880,1017,32,2,0.0074,0.124
103032880,1030,32,2,0.0018,0.11
104532880,1045,32,2,0.0025,0.165
200532880,2005,32,2,0.0228,0.115
200832880,2008,32,2,0.0172,0.108
201532880,2015,32,2,5e-4,0.121
201632880,2016,32,2,0.028,0.143
201932880,2019,32,2,0.0316,0.083
202632880,2026,32,2,0.0144,0.151
202832880,2028,32,2,0.0206,0.17
204032880,2040,32,2,0.0069,0.104
204832880,2048,32,2,0.0021,0.126
300632880,3006,32,2,0.0035,0.132
301432880,3014,32,2,0.0112,0.138
400232880,4002,32,2,0.0316,0.146
401032880,4010,32,2,0.0049,0.144
401232880,4012,32,2,0.0042,0.093
601832880,6018,32,2,0.0266,0.113
100433880,1004,33,2,0.0102,0.083
100633880,1006,33,2,0.0287,0.11
100733880,1007,33,2,0.0469,0.104
100933880,1009,33,2,0.0026,0.124
101133880,1011,33,2,0.0082,0.191
101333880,1013,33,2,0.0133,0.14
101733880,1017,33,2,0.0052,0.158
103033880,1030,33,2,0.0054,0.121
104533880,1045,33,2,0.0038,0.152
200533880,2005,33,2,0.0372,0.127
200833880,2008,33,2,0.0081,0.121
201533880,2015,33,2,0.0035,0.103
201633880,2016,33,2,0.0576,0.119
201933880,2019,33,2,0.0217,0.112
202633880,2026,33,2,0.0269,0.154
202833880,2028,33,2,0.0053,0.216
204033880,2040,33,2,0.0042,0.128
204833880,2048,33,2,0.0042,0.124
300633880,3006,33,2,0.009,0.121
301433880,3014,33,2,0.0177,0.167
400233880,4002,33,2,0.0055,0.146
401033880,4010,33,2,0.0021,0.128
401233880,4012,33,2,0.001,0.121
601833880,6018,33,2,0.0085,0.172
100434880,1004,34,2,0.0106,0.106
100634880,1006,34,2,0.0662,0.11
100734880,1007,34,2,0.0175,0.103
100934880,1009,34,2,0.0237,0.083
101134880,1011,34,2,0.0294,0.17
101334880,1013,34,2,0.003,0.127
101734880,1017,34,2,0.0135,0.098
103034880,1030,34,2,0.0049,0.117
104534880,1045,34,2,0.0324,0.112
200534880,2005,34,2,0.1077,0.125
200834880,2008,34,2,0.0131,0.127
201534880,2015,34,2,0.0022,0.094
201634880,2016,34,2,0.0311,0.14
201934880,2019,34,2,0.0203,0.115
202634880,2026,34,2,0.0235,0.108
202834880,2028,34,2,0.0269,0.17
204034880,2040,34,2,0.0016,0.114
204834880,2048,34,2,0.0063,0.087
300634880,3006,34,2,0.0227,0.124
301434880,3014,34,2,0.0198,0.136
400234880,4002,34,2,0.0022,0.162
401034880,4010,34,2,0.005,0.105
401234880,4012,34,2,0.0042,0.121
601834880,6018,34,2,0.0389,0.126
100435880,1004,35,2,0.0047,0.103
100635880,1006,35,2,0.1336,0.068
100735880,1007,35,2,0.0889,0.079
100935880,1009,35,2,0.0108,0.082
101135880,1011,35,2,0.0265,0.174
101335880,1013,35,2,0.0079,0.137
101735880,1017,35,2,0.0151,0.141
103035880,1030,35,2,0.0258,0.129
104535880,1045,35,2,0.019,0.101
200535880,2005,35,2,0.0759,0.082
200835880,2008,35,2,0.025,0.104
201535880,2015,35,2,0.0032,0.096
201635880,2016,35,2,0.0125,0.108
201935880,2019,35,2,0.0387,0.096
202635880,2026,35,2,0.006,0.144
202835880,2028,35,2,0.0463,0.157
204035880,2040,35,2,0.0078,0.114
204835880,2048,35,2,0.005,0.118
300635880,3006,35,2,0.0184,0.112
301435880,3014,35,2,0.0399,0.14
400235880,4002,35,2,0.0099,0.155
401035880,4010,35,2,0.0236,0.069
401235880,4012,35,2,0.0062,0.104
601835880,6018,35,2,0.0112,0.177
100436880,1004,36,2,0.031,0.066
100636880,1006,36,2,0.0013,0.145
100736880,1007,36,2,0.0031,0.099
100936880,1009,36,2,0.0046,0.13
101136880,1011,36,2,0.0109,0.177
101336880,1013,36,2,0.0046,0.127
101736880,1017,36,2,0.0995,0.113
103036880,1030,36,2,0.0043,0.103
104536880,1045,36,2,0.0033,0.12
200536880,2005,36,2,0.0337,0.099
200836880,2008,36,2,0.0192,0.088
201536880,2015,36,2,0.0023,0.077
201636880,2016,36,2,0.0039,0.132
201936880,2019,36,2,0.0261,0.079
202636880,2026,36,2,0.0223,0.125
202836880,2028,36,2,0.004,0.187
204036880,2040,36,2,0.0051,0.119
204836880,2048,36,2,0.0014,0.159
300636880,3006,36,2,0.0067,0.136
301436880,3014,36,2,0.0324,0.146
400236880,4002,36,2,0.0068,0.186
401036880,4010,36,2,0.0749,0.092
401236880,4012,36,2,0.0088,0.082
601836880,6018,36,2,0.0177,0.118
100437880,1004,37,2,0.0053,0.096
100637880,1006,37,2,0.011,0.136
100737880,1007,37,2,0.0061,0.143
100937880,1009,37,2,0.0317,0.096
101137880,1011,37,2,0.0602,0.169
101337880,1013,37,2,0.0222,0.136
101737880,1017,37,2,0.0135,0.102
103037880,1030,37,2,0.0018,0.157
104537880,1045,37,2,0.0078,0.113
200537880,2005,37,2,0.0121,0.113
200837880,2008,37,2,0.0221,0.101
201537880,2015,37,2,0.0019,0.134
201637880,2016,37,2,0.0243,0.12
201937880,2019,37,2,0.0094,0.133
202637880,2026,37,2,0.0051,0.157
202837880,2028,37,2,0.0092,0.203
204037880,2040,37,2,0.0037,0.101
204837880,2048,37,2,0.0023,0.156
300637880,3006,37,2,0.0212,0.146
301437880,3014,37,2,0.0062,0.146
400237880,4002,37,2,0.036,0.163
401037880,4010,37,2,0.0029,0.106
401237880,4012,37,2,0.0626,0.056
601837880,6018,37,2,0.0087,0.138
100438880,1004,38,2,0.0021,0.092
100638880,1006,38,2,0.0115,0.132
100738880,1007,38,2,0.0017,0.12
100938880,1009,38,2,0.0094,0.079
101138880,1011,38,2,0.0547,0.16
101338880,1013,38,2,0.0811,0.11
101738880,1017,38,2,0.0183,0.089
103038880,1030,38,2,0.0085,0.13
104538880,1045,38,2,0.0052,0.124
200538880,2005,38,2,0.0083,0.086
200838880,2008,38,2,0.0041,0.134
201538880,2015,38,2,7e-4,0.109
201638880,2016,38,2,0.0177,0.118
201938880,2019,38,2,0.0062,0.102
202638880,2026,38,2,0.0114,0.127
202838880,2028,38,2,0.0084,0.164
204038880,2040,38,2,4e-4,0.121
204838880,2048,38,2,0.002,0.136
300638880,3006,38,2,0.0069,0.115
301438880,3014,38,2,0.0836,0.105
400238880,4002,38,2,0.0043,0.177
401038880,4010,38,2,0.0063,0.112
401238880,4012,38,2,0.0438,0.082
601838880,6018,38,2,0.0882,0.101
100439880,1004,39,2,0.0025,0.109
100639880,1006,39,2,0.0018,0.181
100739880,1007,39,2,0.0357,0.118
100939880,1009,39,2,0.0206,0.079
101139880,1011,39,2,0.0409,0.15
101339880,1013,39,2,0.0189,0.131
101739880,1017,39,2,0.023,0.124
103039880,1030,39,2,0.0037,0.152
104539880,1045,39,2,0.0101,0.152
200539880,2005,39,2,0.0402,0.125
200839880,2008,39,2,0.0086,0.106
201539880,2015,39,2,0.0129,0.082
201639880,2016,39,2,0.0103,0.142
201939880,2019,39,2,0.0091,0.107
202639880,2026,39,2,0.0084,0.154
202839880,2028,39,2,0.0455,0.148
204039880,2040,39,2,0.0027,0.133
204839880,2048,39,2,0.0096,0.123
300639880,3006,39,2,0.0156,0.137
301439880,3014,39,2,0.035,0.138
400239880,4002,39,2,0.0073,0.158
401039880,4010,39,2,0.0022,0.104
401239880,4012,39,2,0.0083,0.105
601839880,6018,39,2,0.0074,0.147
100440880,1004,40,2,0.0187,0.068
100640880,1006,40,2,0.0297,0.136
100740880,1007,40,2,0.0641,0.122
100940880,1009,40,2,0.0183,0.08
101140880,1011,40,2,0.0316,0.171
101340880,1013,40,2,0.005,0.163
101740880,1017,40,2,0.0024,0.153
103040880,1030,40,2,0.0051,0.133
104540880,1045,40,2,0.0109,0.117
200540880,2005,40,2,0.0151,0.134
200840880,2008,40,2,0.0448,0.106
201540880,2015,40,2,0.0016,0.098
201640880,2016,40,2,0.0274,0.141
201940880,2019,40,2,0.0171,0.093
202640880,2026,40,2,0.0052,0.15
202840880,2028,40,2,0.004,0.218
204040880,2040,40,2,0.0084,0.099
204840880,2048,40,2,0.0018,0.113
300640880,3006,40,2,0.0399,0.112
301440880,3014,40,2,0.0062,0.16
400240880,4002,40,2,0.0251,0.16
401040880,4010,40,2,0.0257,0.103
401240880,4012,40,2,0.0261,0.092
601840880,6018,40,2,0.0053,0.148
100441880,1004,41,2,0.0157,0.062
100641880,1006,41,2,0.0101,0.126
100741880,1007,41,2,0.0154,0.111
100941880,1009,41,2,0.0092,0.11
101141880,1011,41,2,0.0508,0.16
101341880,1013,41,2,0.0081,0.139
101741880,1017,41,2,0.0067,0.113
103041880,1030,41,2,0.0043,0.138
104541880,1045,41,2,0.024,0.121
200541880,2005,41,2,0.0387,0.089
200841880,2008,41,2,0.0153,0.092
201541880,2015,41,2,0.005,0.098
201641880,2016,41,2,0.0329,0.137
201941880,2019,41,2,0.0118,0.109
202641880,2026,41,2,0.003,0.118
202841880,2028,41,2,0.0526,0.178
204041880,2040,41,2,0.008,0.123
204841880,2048,41,2,7e-4,0.144
300641880,3006,41,2,0.0081,0.132
301441880,3014,41,2,0.0546,0.149
400241880,4002,41,2,0.0224,0.126
401041880,4010,41,2,0.0074,0.097
401241880,4012,41,2,0.0381,0.082
601841880,6018,41,2,0.0152,0.129
100443880,1004,43,2,0.0148,0.068
100643880,1006,43,2,0.0075,0.121
100743880,1007,43,2,0.0621,0.099
100943880,1009,43,2,0.0115,0.122
101143880,1011,43,2,0.0492,0.17
101343880,1013,43,2,0.0634,0.132
101743880,1017,43,2,0.0369,0.106
103043880,1030,43,2,0.0108,0.108
104543880,1045,43,2,0.0072,0.149
200543880,2005,43,2,0.0357,0.109
200843880,2008,43,2,0.0975,0.086
201543880,2015,43,2,0.0173,0.107
201643880,2016,43,2,0.0125,0.176
201943880,2019,43,2,0.0124,0.147
202643880,2026,43,2,0.0168,0.127
202843880,2028,43,2,0.0193,0.181
204043880,2040,43,2,0.0019,0.133
204843880,2048,43,2,0.0036,0.139
300643880,3006,43,2,0.0023,0.147
301443880,3014,43,2,0.0746,0.145
400243880,4002,43,2,0.0059,0.164
401043880,4010,43,2,0.0039,0.098
401243880,4012,43,2,0.0042,0.109
601843880,6018,43,2,0.0461,0.129
100444880,1004,44,2,0.0087,0.064
100644880,1006,44,2,0.0343,0.135
100744880,1007,44,2,0.0272,0.105
100944880,1009,44,2,0.006,0.104
101144880,1011,44,2,0.0352,0.218
101344880,1013,44,2,0.0053,0.173
101744880,1017,44,2,0.0089,0.137
103044880,1030,44,2,8e-4,0.134
104544880,1045,44,2,0.0045,0.157
200544880,2005,44,2,0.0082,0.118
200844880,2008,44,2,0.0072,0.124
201544880,2015,44,2,4e-4,0.1
201644880,2016,44,2,0.0024,0.132
201944880,2019,44,2,0.0243,0.099
202644880,2026,44,2,0.0026,0.196
202844880,2028,44,2,0.0055,0.194
204044880,2040,44,2,0.0058,0.097
204844880,2048,44,2,0.0069,0.128
300644880,3006,44,2,0.0091,0.136
301444880,3014,44,2,0.0288,0.122
400244880,4002,44,2,0.0247,0.157
401044880,4010,44,2,0.0039,0.152
401244880,4012,44,2,0.0038,0.118
601844880,6018,44,2,0.0159,0.16
100445880,1004,45,2,0.0163,0.063
100645880,1006,45,2,0.0271,0.12
100745880,1007,45,2,0.134,0.092
100945880,1009,45,2,0.0189,0.108
101145880,1011,45,2,0.025,0.178
101345880,1013,45,2,0.0204,0.116
101745880,1017,45,2,0.0257,0.09
103045880,1030,45,2,0.0019,0.145
104545880,1045,45,2,0.0057,0.167
200545880,2005,45,2,0.0501,0.094
200845880,2008,45,2,0.0018,0.127
201545880,2015,45,2,0.0023,0.117
201645880,2016,45,2,0.0352,0.13
201945880,2019,45,2,0.0188,0.141
202645880,2026,45,2,0.015,0.134
202845880,2028,45,2,0.0214,0.169
204045880,2040,45,2,0.0062,0.14
204845880,2048,45,2,0.0048,0.12
300645880,3006,45,2,0.0614,0.096
301445880,3014,45,2,0.0032,0.161
400245880,4002,45,2,0.0147,0.168
401045880,4010,45,2,0.053900000000000003,0.084
401245880,4012,45,2,0.0243,0.117
601845880,6018,45,2,0.0191,0.142
100447880,1004,47,2,0.003,0.107
100647880,1006,47,2,0.0071,0.143
100747880,1007,47,2,0.0691,0.114
100947880,1009,47,2,0.0139,0.086
101147880,1011,47,2,0.002,0.207
101347880,1013,47,2,0.0038,0.138
101747880,1017,47,2,0.0457,0.123
103047880,1030,47,2,0.0015,0.165
104547880,1045,47,2,0.005,0.146
200547880,2005,47,2,0.0498,0.11
200847880,2008,47,2,0.0867,0.106
201547880,2015,47,2,0.0454,0.058
201647880,2016,47,2,0.0062,0.124
201947880,2019,47,2,0.0291,0.125
202647880,2026,47,2,0.0207,0.148
202847880,2028,47,2,0.0071,0.195
204047880,2040,47,2,0.0013,0.147
204847880,2048,47,2,0.0022,0.176
300647880,3006,47,2,0.0121,0.108
301447880,3014,47,2,0.0121,0.142
400247880,4002,47,2,0.0107,0.187
401047880,4010,47,2,0.0041,0.121
401247880,4012,47,2,0.1161,0.078
601847880,6018,47,2,0.0059,0.145
100448880,1004,48,2,0.003,0.072
100648880,1006,48,2,0.1012,0.109
100748880,1007,48,2,0.0101,0.092
100948880,1009,48,2,0.0012,0.121
101148880,1011,48,2,0.0439,0.128
101348880,1013,48,2,0.0165,0.117
101748880,1017,48,2,0.0054,0.145
103048880,1030,48,2,0.0071,0.108
104548880,1045,48,2,0.0084,0.1
200548880,2005,48,2,0.0059,0.113
200848880,2008,48,2,0.0379,0.112
201548880,2015,48,2,0.0517,0.057
201648880,2016,48,2,0.0545,0.139
201948880,2019,48,2,0.0624,0.124
202648880,2026,48,2,0.0114,0.123
202848880,2028,48,2,0.0466,0.152
204048880,2040,48,2,0.0022,0.143
204848880,2048,48,2,0.0064,0.101
300648880,3006,48,2,0.0054,0.133
301448880,3014,48,2,0.018,0.129
400248880,4002,48,2,0.0319,0.137
401048880,4010,48,2,0.0056,0.106
401248880,4012,48,2,0.0024,0.119
601848880,6018,48,2,0.0048,0.157
100449880,1004,49,2,0.1634,0.063
100649880,1006,49,2,0.0094,0.156
100749880,1007,49,2,0.044,0.1
100949880,1009,49,2,0.0079,0.069
101149880,1011,49,2,0.0223,0.161
101349880,1013,49,2,0.0048,0.154
101749880,1017,49,2,0.0339,0.105
103049880,1030,49,2,0.0055,0.154
104549880,1045,49,2,0.001,0.156
200549880,2005,49,2,0.0192,0.119
200849880,2008,49,2,0.0103,0.116
201549880,2015,49,2,0.0015,0.117
201649880,2016,49,2,0.0205,0.143
201949880,2019,49,2,0.0387,0.126
202649880,2026,49,2,0.0099,0.159
202849880,2028,49,2,0.0517,0.167
204049880,2040,49,2,0.0497,0.083
204849880,2048,49,2,0.0233,0.109
300649880,3006,49,2,0.0052,0.122
301449880,3014,49,2,0.0204,0.144
400249880,4002,49,2,0.0093,0.168
401049880,4010,49,2,0.0375,0.112
401249880,4012,49,2,0.0236,0.113
601849880,6018,49,2,0.011,0.15
100452880,1004,52,2,0.005,0.106
100652880,1006,52,2,0.0032,0.13
100752880,1007,52,2,0.0048,0.093
100952880,1009,52,2,0.0028,0.126
101152880,1011,52,2,0.1002,0.165
101352880,1013,52,2,0.031,0.114
101752880,1017,52,2,0.0044,0.158
103052880,1030,52,2,0.003,0.137
104552880,1045,52,2,0.019,0.151
200552880,2005,52,2,0.0463,0.113
200852880,2008,52,2,0.0217,0.094
201552880,2015,52,2,7e-4,0.147
201652880,2016,52,2,0.0107,0.157
201952880,2019,52,2,0.0107,0.141
202652880,2026,52,2,0.0024,0.159
202852880,2028,52,2,0.0011,0.201
204052880,2040,52,2,0.0035,0.121
204852880,2048,52,2,0.046,0.1
300652880,3006,52,2,0.0046,0.141
301452880,3014,52,2,0.0675,0.134
400252880,4002,52,2,0.0328,0.151
401052880,4010,52,2,0.0297,0.06
401252880,4012,52,2,0.016,0.093
601852880,6018,52,2,0.019,0.112
100453880,1004,53,2,0.0025,0.066
100653880,1006,53,2,0.0122,0.113
100753880,1007,53,2,0.0146,0.112
100953880,1009,53,2,0.0132,0.105
101153880,1011,53,2,0.076,0.198
101353880,1013,53,2,0.0092,0.126
101753880,1017,53,2,0.0077,0.134
103053880,1030,53,2,0.0111,0.132
104553880,1045,53,2,0.0519,0.122
200553880,2005,53,2,0.0086,0.111
200853880,2008,53,2,0.0072,0.1
201553880,2015,53,2,0.0022,0.091
201653880,2016,53,2,0.0103,0.142
201953880,2019,53,2,0.0065,0.138
202653880,2026,53,2,0.0321,0.125
202853880,2028,53,2,0.0063,0.175
204053880,2040,53,2,0.009,0.134
204853880,2048,53,2,0.0094,0.118
300653880,3006,53,2,0.0224,0.12
301453880,3014,53,2,0.0276,0.158
400253880,4002,53,2,0.0238,0.146
401053880,4010,53,2,0.0026,0.136
401253880,4012,53,2,0.0021,0.13
601853880,6018,53,2,0.0073,0.114
100454880,1004,54,2,4e-4,0.077
100654880,1006,54,2,0.0101,0.105
100754880,1007,54,2,0.0066,0.093
100954880,1009,54,2,0.0026,0.101
101154880,1011,54,2,0.0107,0.19
101354880,1013,54,2,0.0152,0.136
101754880,1017,54,2,0.0035,0.114
103054880,1030,54,2,5e-4,0.175
104554880,1045,54,2,0.0137,0.113
200554880,2005,54,2,0.0029,0.121
200854880,2008,54,2,0.0034,0.128
201554880,2015,54,2,0.0018,0.07
201654880,2016,54,2,0.0011,0.163
201954880,2019,54,2,0.0436,0.117
202654880,2026,54,2,0.0082,0.135
202854880,2028,54,2,0.0116,0.162
204054880,2040,54,2,0.0021,0.136
204854880,2048,54,2,0.0022,0.16
300654880,3006,54,2,0.0404,0.129
301454880,3014,54,2,0.0022,0.166
400254880,4002,54,2,0.0051,0.181
401054880,4010,54,2,0.0017,0.123
401254880,4012,54,2,0.03,0.129
601854880,6018,54,2,0.0017,0.163
100455880,1004,55,2,0.0254,0.092
100655880,1006,55,2,0.0298,0.105
100755880,1007,55,2,0.0071,0.131
100955880,1009,55,2,0.0221,0.115
101155880,1011,55,2,0.0316,0.165
101355880,1013,55,2,0.0311,0.088
101755880,1017,55,2,0.0152,0.099
103055880,1030,55,2,0.0011,0.172
104555880,1045,55,2,0.0033,0.144
200555880,2005,55,2,0.0195,0.154
200855880,2008,55,2,0.014,0.099
201555880,2015,55,2,0.003,0.111
201655880,2016,55,2,0.0112,0.147
201955880,2019,55,2,8e-4,0.137
202655880,2026,55,2,0.0221,0.142
202855880,2028,55,2,0.0323,0.179
204055880,2040,55,2,0.0023,0.14
204855880,2048,55,2,9e-4,0.112
300655880,3006,55,2,0.004,0.133
301455880,3014,55,2,0.0214,0.153
400255880,4002,55,2,0.0213,0.151
401055880,4010,55,2,0.0128,0.067
401255880,4012,55,2,0.0475,0.094
601855880,6018,55,2,0.0145,0.124
100456880,1004,56,2,0.0346,0.066
100656880,1006,56,2,0.0061,0.129
100756880,1007,56,2,0.0943,0.122
100956880,1009,56,2,0.0236,0.102
101156880,1011,56,2,0.0094,0.161
101356880,1013,56,2,0.0014,0.13
101756880,1017,56,2,0.0152,0.148
103056880,1030,56,2,0.0184,0.11
104556880,1045,56,2,0.0123,0.122
200556880,2005,56,2,0.0355,0.113
200856880,2008,56,2,0.0132,0.128
201556880,2015,56,2,0.0099,0.092
201656880,2016,56,2,0.0322,0.14
201956880,2019,56,2,0.0341,0.117
202656880,2026,56,2,0.0213,0.128
202856880,2028,56,2,0.0121,0.172
204056880,2040,56,2,0.0106,0.093
204856880,2048,56,2,0.0198,0.136
300656880,3006,56,2,0.0012,0.147
301456880,3014,56,2,0.0198,0.152
400256880,4002,56,2,0.0104,0.157
401056880,4010,56,2,0.0046,0.113
401256880,4012,56,2,0.0083,0.095
601856880,6018,56,2,0.0177,0.15
100458880,1004,58,2,0.0071,0.103
100658880,1006,58,2,0.1035,0.112
100758880,1007,58,2,0.0258,0.093
100958880,1009,58,2,0.0039,0.118
101158880,1011,58,2,0.0412,0.157
101358880,1013,58,2,0.0155,0.136
101758880,1017,58,2,0.0059,0.115
103058880,1030,58,2,0.0163,0.116
104558880,1045,58,2,0.0095,0.143
200558880,2005,58,2,0.0066,0.158
200858880,2008,58,2,0.0339,0.091
201558880,2015,58,2,0.0097,0.086
201658880,2016,58,2,0.0131,0.132
201958880,2019,58,2,0.0147,0.114
202658880,2026,58,2,0.0435,0.11
202858880,2028,58,2,0.0117,0.182
204058880,2040,58,2,0.001,0.15
204858880,2048,58,2,0.0268,0.117
300658880,3006,58,2,0.0115,0.13
301458880,3014,58,2,0.1004,0.122
400258880,4002,58,2,0.0096,0.171
401058880,4010,58,2,0.0039,0.1
401258880,4012,58,2,0.0906,0.086
601858880,6018,58,2,0.0099,0.152
100461880,1004,61,2,0.0039,0.087
100661880,1006,61,2,0.0185,0.101
100761880,1007,61,2,0.0145,0.112
100961880,1009,61,2,0.0326,0.084
101161880,1011,61,2,0.0246,0.184
101361880,1013,61,2,0.0108,0.114
101761880,1017,61,2,0.008,0.127
103061880,1030,61,2,0.0099,0.132
104561880,1045,61,2,0.0049,0.119
200561880,2005,61,2,0.034,0.096
200861880,2008,61,2,0.0437,0.127
201561880,2015,61,2,6e-4,0.114
201661880,2016,61,2,0.0218,0.132
201961880,2019,61,2,0.007,0.12
202661880,2026,61,2,0.0046,0.172
202861880,2028,61,2,0.0507,0.178
204061880,2040,61,2,0.0081,0.116
204861880,2048,61,2,0.0208,0.112
300661880,3006,61,2,0.0151,0.086
301461880,3014,61,2,0.0442,0.141
400261880,4002,61,2,0.0072,0.155
401061880,4010,61,2,0.0034,0.102
401261880,4012,61,2,0.0465,0.107
601861880,6018,61,2,0.0057,0.138
100463880,1004,63,2,0.0112,0.071
100663880,1006,63,2,0.016,0.134
100763880,1007,63,2,0.0349,0.103
100963880,1009,63,2,0.0201,0.1
101163880,1011,63,2,0.0773,0.154
101363880,1013,63,2,0.0293,0.104
101763880,1017,63,2,0.0344,0.094
103063880,1030,63,2,0.0073,0.115
104563880,1045,63,2,0.0042,0.132
200563880,2005,63,2,0.0157,0.096
200863880,2008,63,2,0.0282,0.096
201563880,2015,63,2,0.0029,0.121
201663880,2016,63,2,0.1836,0.122
201963880,2019,63,2,0.0407,0.093
202663880,2026,63,2,0.0328,0.118
202863880,2028,63,2,0.0107,0.168
204063880,2040,63,2,0.0028,0.129
204863880,2048,63,2,5e-4,0.157
300663880,3006,63,2,0.0227,0.123
301463880,3014,63,2,0.0065,0.165
400263880,4002,63,2,0.0027,0.178
401063880,4010,63,2,0.0037,0.125
401263880,4012,63,2,0.0088,0.122
601863880,6018,63,2,0.0126,0.163
100465880,1004,65,2,0.004,0.075
100665880,1006,65,2,0.0378,0.125
100765880,1007,65,2,0.082,0.066
100965880,1009,65,2,0.0058,0.112
101165880,1011,65,2,0.0076,0.181
101365880,1013,65,2,0.0311,0.126
101765880,1017,65,2,0.0124,0.108
103065880,1030,65,2,0.0044,0.12
104565880,1045,65,2,0.01,0.101
200565880,2005,65,2,0.0198,0.129
200865880,2008,65,2,0.0059,0.105
201565880,2015,65,2,0.0027,0.093
201665880,2016,65,2,0.0108,0.156
201965880,2019,65,2,0.0044,0.157
202665880,2026,65,2,0.0051,0.119
202865880,2028,65,2,0.0166,0.183
204065880,2040,65,2,9e-4,0.157
204865880,2048,65,2,0.0143,0.127
300665880,3006,65,2,0.0094,0.127
301465880,3014,65,2,0.0247,0.126
400265880,4002,65,2,0.0079,0.199
401065880,4010,65,2,0.0022,0.137
401265880,4012,65,2,0.0115,0.1
601865880,6018,65,2,0.0262,0.128
